PRAGMA foreign_keys=OFF;
BEGIN TRANSACTION;
CREATE TABLE prices (
    id INTEGER PRIMARY KEY AUTOINCREMENT,
    price REAL UNSIGNED NOT NULL
);
INSERT INTO prices VALUES(1,500.0);
INSERT INTO prices VALUES(2,1000.0);
INSERT INTO prices VALUES(3,1500.0);
INSERT INTO prices VALUES(4,2000.0);
INSERT INTO prices VALUES(5,2500.0);
CREATE TABLE products (
    id INTEGER PRIMARY KEY AUTOINCREMENT,
    code INTEGER NOT NULL,
    name VARCHAR(50) NOT NULL,
    bar_code VARCHAR(50) NOT NULL,
    quantity REAL NOT NULL CHECK(quantity >= 0),
    model VARCHAR(50),
    sort VARCHAR(50),
    color VARCHAR(50),
    size VARCHAR(50),
    weight DECIMAL,
    date_changes DATETIME,
    id_price INTEGER,
    CONSTRAINT fk_prices
        FOREIGN KEY (id_price) 
        REFERENCES prices(id)
);
INSERT INTO products VALUES(1,26745,'cenbu','497347335832',22.0,'X11KXK1','2','Brown','Small',76.929000000000002045,'2022-10-31 14:36:47',1);
INSERT INTO products VALUES(2,85107,'buse','567293657722',26.0,'122XX9X','1','Black','Small',52.988999999999997214,'2022-10-31 14:36:47',1);
INSERT INTO products VALUES(3,52312,'bocencatenco','566285962234',34.0,'19J3J39','3','Brown','Small',34.935000000000002273,'2022-10-31 14:36:47',2);
INSERT INTO products VALUES(4,91427,'sobopu','294893311827',5.0,'3VXVVJS','3','Blue','Medium',54.136000000000002786,'2022-10-31 14:36:47',4);
INSERT INTO products VALUES(5,50306,'tenfe','219782895808',93.0,'9JKV9J0','2','Yellow','Medium',57.20799999999999841,'2022-10-31 14:36:47',4);
INSERT INTO products VALUES(6,15827,'letchten','187225459168',21.0,'3S39S10','3','White','Medium',51.79200000000000159,'2022-10-31 14:36:47',5);
INSERT INTO products VALUES(7,64793,'gachcenmebo','556323227513',75.0,'2KXX01J','2','Green','Small',49.034999999999996588,'2022-10-31 14:36:47',3);
INSERT INTO products VALUES(8,50859,'cabuso','816394121182',51.0,'3S0K120','1','Brown','Large',48.664000000000001478,'2022-10-31 14:36:47',1);
INSERT INTO products VALUES(9,43719,'sechca','904922591028',66.0,'3K22K30','3','Red','Medium',4.1079999999999996518,'2022-10-31 14:36:47',2);
INSERT INTO products VALUES(10,40666,'cencencocafe','571677935530',43.0,'XKS0J91','2','Blue','Medium',71.512000000000000453,'2022-10-31 14:36:47',2);
INSERT INTO products VALUES(11,54345,'tenmemepu','205732158736',46.0,'2V0090J','3','Grey','Medium',60.680999999999997384,'2022-10-31 14:36:47',4);
INSERT INTO products VALUES(12,4487,'hasome','419285331437',32.0,'2X0VJ9S','3','Green','Large',46.097000000000001307,'2022-10-31 14:36:47',1);
INSERT INTO products VALUES(13,94741,'tenpugafeco','349643505109',15.0,'992VX29','1','Green','Medium',10.49600000000000044,'2022-10-31 14:36:47',2);
INSERT INTO products VALUES(14,71082,'caso','055049712669',87.0,'XVX9023','1','Yellow','Small',27.551999999999999602,'2022-10-31 14:36:47',1);
INSERT INTO products VALUES(15,60978,'pusesefe','512399552124',78.0,'1J2S010','2','Black','Large',95.855999999999994543,'2022-10-31 14:36:47',2);
INSERT INTO products VALUES(16,82924,'hafeel','666351689035',63.0,'211311S','3','White','Large',92.501000000000004773,'2022-10-31 14:36:47',1);
INSERT INTO products VALUES(17,48855,'busosetenpu','551481268112',28.0,'VK00VKX','1','Black','Small',74.87699999999999534,'2022-10-31 14:36:47',4);
INSERT INTO products VALUES(18,18994,'feelten','973487109058',86.0,'3S29X9X','1','White','Small',51.655000000000001136,'2022-10-31 14:36:47',2);
INSERT INTO products VALUES(19,88959,'cagacenco','248535405467',6.0,'29V301J','3','Black','Medium',84.41100000000000136,'2022-10-31 14:36:47',3);
INSERT INTO products VALUES(20,81010,'sopufeel','819215429650',19.0,'X02SKS1','1','Green','Medium',99.331000000000003067,'2022-10-31 14:36:47',5);
INSERT INTO products VALUES(21,92812,'seten','983305997711',47.0,'V1V39X3','2','Red','Small',27.030000000000001137,'2022-10-31 14:36:47',3);
INSERT INTO products VALUES(22,70076,'hacabocense','476316762945',13.0,'JJKKXXV','1','Black','Large',53.814999999999997724,'2022-10-31 14:36:47',1);
INSERT INTO products VALUES(23,23584,'letcochfeelme','822712216231',41.0,'12V2239','3','Blue','Small',65.20000000000000284,'2022-10-31 14:36:47',1);
INSERT INTO products VALUES(24,71278,'caco','142142765753',38.0,'20292X1','1','Yellow','Small',33.74900000000000233,'2022-10-31 14:36:47',1);
INSERT INTO products VALUES(25,45190,'habupuch','434963818923',98.0,'K302J9J','2','Black','Medium',67.161000000000001365,'2022-10-31 14:36:47',4);
INSERT INTO products VALUES(26,60862,'cenbocaso','663392387154',69.0,'23J2KXV','3','Blue','Medium',61.207000000000000737,'2022-10-31 14:36:47',4);
INSERT INTO products VALUES(27,99130,'secocen','345091312564',95.0,'209X1VX','2','Red','Small',10.470000000000000639,'2022-10-31 14:36:47',5);
INSERT INTO products VALUES(28,78552,'cafeel','250250404514',96.0,'9VXV1K2','1','Blue','Small',11.289999999999999147,'2022-10-31 14:36:47',4);
INSERT INTO products VALUES(29,47275,'feha','382099035220',46.0,'K33V0S9','2','Yellow','Medium',57.59000000000000341,'2022-10-31 14:36:47',2);
INSERT INTO products VALUES(30,2462,'pusogaca','129467656149',24.0,'2SVX0SJ','3','White','Small',67.387000000000000453,'2022-10-31 14:36:48',1);
INSERT INTO products VALUES(31,47071,'feelcamesech','906730276070',41.0,'1S0J90X','3','Black','Large',80.775000000000005684,'2022-10-31 14:36:48',3);
INSERT INTO products VALUES(32,6772,'censochme','020903061029',93.0,'0219X02','3','Red','Small',37.374999999999999999,'2022-10-31 14:36:48',2);
INSERT INTO products VALUES(33,29459,'bubo','322440453958',70.0,'133101J','3','Red','Large',39.618000000000002103,'2022-10-31 14:36:48',5);
INSERT INTO products VALUES(34,24179,'buseme','534075510615',73.0,'SVKJ901','2','Grey','Large',9.275999999999999801,'2022-10-31 14:36:48',4);
INSERT INTO products VALUES(35,66028,'secen','862486702695',89.0,'0VX31K2','2','Brown','Medium',1.5760000000000000675,'2022-10-31 14:36:48',3);
INSERT INTO products VALUES(36,22137,'letputen','285717892147',64.0,'92JVKJ0','1','Brown','Medium',75.215999999999993974,'2022-10-31 14:36:48',2);
INSERT INTO products VALUES(37,54957,'tenfeelfeelfeel','158034741246',29.0,'K0S13VX','1','Black','Medium',83.694999999999993177,'2022-10-31 14:36:48',2);
INSERT INTO products VALUES(38,45926,'bogachse','598103272531',24.0,'J0232JX','2','Blue','Large',91.834000000000003179,'2022-10-31 14:36:48',3);
INSERT INTO products VALUES(39,48668,'chfefeellet','867464747267',34.0,'10119VK','1','Brown','Small',78.424000000000006595,'2022-10-31 14:36:48',3);
INSERT INTO products VALUES(40,92497,'bochsech','986775684693',10.0,'090V2KJ','2','Black','Medium',37.103999999999999204,'2022-10-31 14:36:48',2);
INSERT INTO products VALUES(41,92574,'secabubofe','554257485646',92.0,'X912X23','2','Yellow','Large',57.67799999999999727,'2022-10-31 14:36:48',2);
INSERT INTO products VALUES(42,13710,'cacase','049256545075',58.0,'0X22K3J','2','Green','Medium',21.143000000000000682,'2022-10-31 14:36:48',3);
INSERT INTO products VALUES(43,93578,'chlet','380756551309',42.0,'299VX00','2','Black','Small',47.338000000000000967,'2022-10-31 14:36:48',5);
INSERT INTO products VALUES(44,83794,'mecalet','181335067482',87.0,'133931X','1','Green','Small',29.469999999999998863,'2022-10-31 14:36:48',5);
INSERT INTO products VALUES(45,32172,'tench','949781788794',64.0,'12KKXS1','1','Black','Large',94.572000000000002728,'2022-10-31 14:36:48',3);
INSERT INTO products VALUES(46,81706,'butengafech','721633983403',92.0,'SVSV9J2','2','Blue','Medium',71.087000000000003297,'2022-10-31 14:36:48',5);
INSERT INTO products VALUES(47,26617,'boco','841403993894',24.0,'XV3V220','1','Black','Large',80.706999999999993631,'2022-10-31 14:36:48',1);
INSERT INTO products VALUES(48,34377,'feelfeelfe','728654031544',39.0,'2SJ1231','2','White','Large',30.478000000000001535,'2022-10-31 14:36:48',4);
INSERT INTO products VALUES(49,82986,'bucaga','516977689856',67.0,'KJ99VSV','3','Blue','Small',61.926000000000001933,'2022-10-31 14:36:48',3);
INSERT INTO products VALUES(50,6279,'cobu','076541332881',61.0,'S2SXS2K','1','White','Medium',64.817999999999997839,'2022-10-31 14:36:48',5);
INSERT INTO products VALUES(51,52664,'socenfeelhame','820472205815',60.0,'3XSSV12','3','Black','Medium',59.82699999999999818,'2022-10-31 14:36:48',4);
INSERT INTO products VALUES(52,94004,'feme','165171894653',74.0,'V0VX20K','3','Blue','Medium',21.881000000000000228,'2022-10-31 14:36:48',5);
INSERT INTO products VALUES(53,84882,'tensogaletme','655189274942',62.0,'2S11JX1','3','Green','Large',31.455999999999999516,'2022-10-31 14:36:48',3);
INSERT INTO products VALUES(54,33647,'feelhabufega','678688300961',87.0,'X0J0K39','3','Black','Medium',41.32200000000000273,'2022-10-31 14:36:48',5);
INSERT INTO products VALUES(55,34130,'tense','802791971420',52.0,'1SXXS2X','1','Red','Large',39.90800000000000125,'2022-10-31 14:36:48',5);
INSERT INTO products VALUES(56,43296,'chsesofeco','107102660239',45.0,'X0J9K2X','2','Black','Small',29.070000000000000284,'2022-10-31 14:36:48',1);
INSERT INTO products VALUES(57,72085,'coletbo','454988242496',11.0,'21KJ920','2','Yellow','Small',69.176000000000001932,'2022-10-31 14:36:48',1);
INSERT INTO products VALUES(58,84641,'tencacacaga','208830494281',42.0,'3XJS112','2','Brown','Small',1.9359999999999999431,'2022-10-31 14:36:48',1);
INSERT INTO products VALUES(59,32253,'febo','774720148431',70.0,'1VVK00K','3','Blue','Medium',92.775999999999996248,'2022-10-31 14:36:48',3);
INSERT INTO products VALUES(60,93462,'putenbu','283396781657',70.0,'3S0K320','1','Yellow','Small',84.736000000000004208,'2022-10-31 14:36:48',4);
INSERT INTO products VALUES(61,73734,'gagaco','559348738808',32.0,'S3S22S0','1','Brown','Small',26.315999999999998947,'2022-10-31 14:36:48',3);
INSERT INTO products VALUES(62,9941,'secen','774968413995',79.0,'990JS91','1','White','Small',96.537000000000006139,'2022-10-31 14:36:48',3);
INSERT INTO products VALUES(63,75046,'letgasoten','793536469555',91.0,'VXVX2XJ','3','Yellow','Small',46.838999999999998634,'2022-10-31 14:36:48',3);
INSERT INTO products VALUES(64,28163,'febubucenha','584556114530',51.0,'3XKX322','3','Green','Large',10.855000000000000426,'2022-10-31 14:36:48',2);
INSERT INTO products VALUES(65,31600,'pucaletfebo','910948646826',86.0,'1XVS9J9','2','Brown','Medium',50.722000000000001308,'2022-10-31 14:36:48',2);
INSERT INTO products VALUES(66,34648,'caga','296690588216',99.0,'XV0930J','1','Red','Small',24.64399999999999835,'2022-10-31 14:36:48',5);
INSERT INTO products VALUES(67,3373,'seletcasoga','219499494431',77.0,'KXS0V11','2','Red','Large',50.567999999999997838,'2022-10-31 14:36:48',1);
INSERT INTO products VALUES(68,5201,'cacenboletpu','916651252310',63.0,'VK0K2SJ','2','Red','Small',55.222000000000001306,'2022-10-31 14:36:48',4);
INSERT INTO products VALUES(69,42482,'hagafeca','523904931741',67.0,'9KSS2SJ','3','Yellow','Small',28.172999999999998265,'2022-10-31 14:36:48',1);
INSERT INTO products VALUES(70,68675,'hafecame','747021996422',58.0,'SV1VXJ2','3','Grey','Small',62.439999999999997726,'2022-10-31 14:36:48',1);
INSERT INTO products VALUES(71,24847,'fecomega','682975843358',7.0,'JV3J9S3','1','Blue','Large',25.207999999999998407,'2022-10-31 14:36:48',5);
INSERT INTO products VALUES(72,66147,'buletch','465369572582',77.0,'0J92JS1','1','Yellow','Medium',88.882000000000005003,'2022-10-31 14:36:48',4);
INSERT INTO products VALUES(73,64670,'soseca','521921418282',61.0,'9K3K390','3','Yellow','Small',35.969000000000001192,'2022-10-31 14:36:48',3);
INSERT INTO products VALUES(74,18085,'sobuten','856941660331',19.0,'1KV0XJ3','1','Red','Small',42.23499999999999943,'2022-10-31 14:36:48',4);
INSERT INTO products VALUES(75,8080,'galetbogabu','939726571447',56.0,'S0VS0S2','2','White','Large',57.262999999999998125,'2022-10-31 14:36:48',2);
INSERT INTO products VALUES(76,24000,'bogafe','398142685435',71.0,'KX1JSS3','3','White','Small',66.555999999999997385,'2022-10-31 14:36:48',4);
INSERT INTO products VALUES(77,70746,'chbu','999766515079',68.0,'SJ3KS31','3','White','Medium',69.18899999999999295,'2022-10-31 14:36:48',2);
INSERT INTO products VALUES(78,84420,'seso','984345993893',51.0,'S2X92JK','2','Yellow','Medium',52.023000000000003241,'2022-10-31 14:36:48',1);
INSERT INTO products VALUES(79,29870,'letpuca','999611711864',39.0,'3J3X9K1','2','White','Small',99.421999999999997044,'2022-10-31 14:36:48',1);
INSERT INTO products VALUES(80,23046,'cohacenbobu','749985229385',19.0,'SX939K2','2','White','Small',87.700999999999993406,'2022-10-31 14:36:48',1);
INSERT INTO products VALUES(81,39249,'casefemefeel','336616406393',81.0,'V0SV211','3','White','Medium',85.33799999999999386,'2022-10-31 14:36:48',2);
INSERT INTO products VALUES(82,89393,'pubocacofe','510240282600',87.0,'KJS9S03','2','Grey','Small',51.969000000000001191,'2022-10-31 14:36:48',3);
INSERT INTO products VALUES(83,9799,'gafebubu','543819760820',97.0,'0KKS1SJ','1','Black','Medium',98.581999999999993635,'2022-10-31 14:36:48',1);
INSERT INTO products VALUES(84,32594,'cocachme','474767156405',48.0,'XXS213K','3','Grey','Small',16.300999999999998379,'2022-10-31 14:36:48',5);
INSERT INTO products VALUES(85,4854,'somefeelcapu','963258790306',99.0,'K39S920','2','Yellow','Medium',25.147999999999999687,'2022-10-31 14:36:48',4);
INSERT INTO products VALUES(86,55667,'pucen','446957963306',49.0,'JJ1SX22','3','Grey','Large',24.490999999999999658,'2022-10-31 14:36:48',5);
INSERT INTO products VALUES(87,92987,'mecacolet','153138895885',72.0,'1SV1V3K','3','Black','Small',69.778999999999996362,'2022-10-31 14:36:48',2);
INSERT INTO products VALUES(88,30366,'bohaletso','007414629110',60.0,'9X23919','2','Blue','Large',22.042000000000001591,'2022-10-31 14:36:48',1);
INSERT INTO products VALUES(89,38025,'chhameme','220103265417',24.0,'2KXJJSV','1','Yellow','Large',92.11599999999999966,'2022-10-31 14:36:48',4);
INSERT INTO products VALUES(90,17266,'mehafebu','026997846381',58.0,'12SSK2K','1','Brown','Medium',2.9110000000000000319,'2022-10-31 14:36:48',5);
INSERT INTO products VALUES(91,9272,'cencen','347330903107',16.0,'VK3XS0V','1','Black','Large',53.222999999999998977,'2022-10-31 14:36:48',1);
INSERT INTO products VALUES(92,66065,'letfecaca','615785085334',36.0,'XV00SVV','1','Yellow','Small',48.939000000000000057,'2022-10-31 14:36:48',1);
INSERT INTO products VALUES(93,61672,'caco','147668974648',96.0,'3393SS3','1','Grey','Small',81.070999999999997951,'2022-10-31 14:36:48',3);
INSERT INTO products VALUES(94,34540,'feelha','902933944042',99.0,'KS3SSX9','1','Yellow','Small',3.5510000000000001563,'2022-10-31 14:36:48',4);
INSERT INTO products VALUES(95,17362,'sefeelbuseca','020298821410',49.0,'VX21121','2','Grey','Medium',11.119999999999999218,'2022-10-31 14:36:48',2);
INSERT INTO products VALUES(96,98661,'cobu','077230118503',20.0,'9J3JSVK','1','Blue','Medium',78.075999999999993405,'2022-10-31 14:36:48',5);
INSERT INTO products VALUES(97,65394,'sosoten','902963009964',49.0,'9VK093S','3','White','Small',25.995000000000000994,'2022-10-31 14:36:48',5);
INSERT INTO products VALUES(98,35252,'pupuca','202462662896',80.0,'J0J121S','1','Green','Large',31.876000000000001221,'2022-10-31 14:36:48',4);
INSERT INTO products VALUES(99,87615,'busefeel','117332756609',86.0,'9990JK1','2','White','Small',15.115000000000000212,'2022-10-31 14:36:48',4);
INSERT INTO products VALUES(100,23025,'feelhabusebu','680864355222',64.0,'9KKV092','3','Brown','Small',98.730999999999994546,'2022-10-31 14:36:48',1);
INSERT INTO products VALUES(101,29827,'feelsobuca','030193682988',47.0,'3123KV2','2','White','Medium',53.167000000000001593,'2022-10-31 14:36:48',3);
INSERT INTO products VALUES(102,29612,'felet','883352146057',74.0,'9K911JX','1','Grey','Medium',30.388000000000001676,'2022-10-31 14:36:48',2);
INSERT INTO products VALUES(103,50654,'bopucafe','891398614954',72.0,'909SSJK','1','Grey','Small',1.8129999999999999449,'2022-10-31 14:36:48',4);
INSERT INTO products VALUES(104,5908,'bucacafe','326704577746',32.0,'XSXSJ9S','2','Black','Medium',45.124000000000002328,'2022-10-31 14:36:48',5);
INSERT INTO products VALUES(105,25889,'buchcocaga','730883580347',36.0,'KS9SJJ1','1','Black','Large',36.063000000000002386,'2022-10-31 14:36:48',1);
INSERT INTO products VALUES(106,18896,'feelca','796558889779',14.0,'V2SV1J1','2','Yellow','Small',42.634000000000000342,'2022-10-31 14:36:48',1);
INSERT INTO products VALUES(107,54810,'buten','331309811985',92.0,'XJ3SS3J','1','Green','Large',64.545000000000001703,'2022-10-31 14:36:48',4);
INSERT INTO products VALUES(108,31502,'bobubumese','566469607676',78.0,'XJ2333J','3','Yellow','Small',48.469000000000001192,'2022-10-31 14:36:48',3);
INSERT INTO products VALUES(109,36559,'puboch','300428524464',33.0,'JJ3SK9S','2','Yellow','Large',67.171999999999997045,'2022-10-31 14:36:48',4);
INSERT INTO products VALUES(110,58719,'coca','204280807303',62.0,'1J12933','3','Grey','Large',13.717999999999999971,'2022-10-31 14:36:48',2);
INSERT INTO products VALUES(111,17357,'socasese','884750253413',42.0,'30K909J','2','Black','Small',4.9829999999999996518,'2022-10-31 14:36:48',3);
INSERT INTO products VALUES(112,51991,'secapuha','348977394881',34.0,'KJ23V12','1','Red','Small',25.295999999999999375,'2022-10-31 14:36:48',5);
INSERT INTO products VALUES(113,13436,'tengacame','814354991334',21.0,'XSS99S0','1','Yellow','Large',86.325000000000002842,'2022-10-31 14:36:48',3);
INSERT INTO products VALUES(114,11823,'caboletch','595348252636',33.0,'1JS11XX','1','Red','Large',82.94799999999999329,'2022-10-31 14:36:48',4);
INSERT INTO products VALUES(115,20364,'bucenbucen','286665393200',75.0,'VK31XSK','2','Green','Small',5.5560000000000000497,'2022-10-31 14:36:48',2);
INSERT INTO products VALUES(116,52887,'pucenha','279820131663',92.0,'VJS93KS','1','Red','Large',99.799999999999997159,'2022-10-31 14:36:48',4);
INSERT INTO products VALUES(117,26227,'chbo','073368176402',96.0,'JKK299X','3','Grey','Medium',23.498999999999998777,'2022-10-31 14:36:48',2);
INSERT INTO products VALUES(118,53851,'cenbo','518840270052',70.0,'000V9JX','3','Black','Large',1.5989999999999999769,'2022-10-31 14:36:48',2);
INSERT INTO products VALUES(119,78172,'chfeelcen','091469047824',55.0,'00K2K3X','2','Blue','Medium',60.823000000000000397,'2022-10-31 14:36:48',4);
INSERT INTO products VALUES(120,81621,'cohame','150836627275',26.0,'J9V13VV','1','White','Small',94.32399999999999807,'2022-10-31 14:36:48',2);
INSERT INTO products VALUES(121,28737,'casefeelbuso','660775238276',11.0,'9229X1X','1','Brown','Small',39.356999999999999317,'2022-10-31 14:36:48',3);
INSERT INTO products VALUES(122,78721,'cenmecabo','950446725018',52.0,'KJXS23S','2','Red','Medium',54.810999999999999942,'2022-10-31 14:36:48',3);
INSERT INTO products VALUES(123,10343,'pufebu','708655460945',52.0,'VKX2JK0','3','Grey','Small',32.018999999999998352,'2022-10-31 14:36:48',5);
INSERT INTO products VALUES(124,80370,'putenten','208692222565',92.0,'0J320SK','1','Brown','Small',89.197000000000002725,'2022-10-31 14:36:48',3);
INSERT INTO products VALUES(125,69065,'pucososebo','487667458697',38.0,'XS13J02','2','White','Small',19.469999999999998863,'2022-10-31 14:36:48',5);
INSERT INTO products VALUES(126,82425,'puletputen','009099962914',100.0,'KK9XJ1J','1','Brown','Small',92.313000000000002389,'2022-10-31 14:36:48',4);
INSERT INTO products VALUES(127,98510,'cosose','896774337009',89.0,'11S9S20','3','Red','Small',55.054999999999999714,'2022-10-31 14:36:48',2);
INSERT INTO products VALUES(128,20124,'cagabucenso','134213030848',65.0,'SX29J02','2','Blue','Small',15.006000000000000227,'2022-10-31 14:36:48',4);
INSERT INTO products VALUES(129,92402,'buseboso','373144460102',84.0,'V1SX1JV','3','Brown','Medium',11.891000000000000013,'2022-10-31 14:36:48',3);
INSERT INTO products VALUES(130,54474,'puga','190167738729',62.0,'12S3919','3','Brown','Small',1.7259999999999999786,'2022-10-31 14:36:48',1);
INSERT INTO products VALUES(131,65113,'lettenfeelcabu','264643662785',70.0,'20V3V0J','1','Red','Small',64.176000000000001932,'2022-10-31 14:36:48',2);
INSERT INTO products VALUES(132,49918,'sesoletso','973419079076',72.0,'KK30X91','2','Green','Small',54.609999999999999432,'2022-10-31 14:36:48',1);
INSERT INTO products VALUES(133,67853,'sebufeelbopu','824764460235',59.0,'3SSK0VV','3','Grey','Large',52.247999999999997556,'2022-10-31 14:36:48',3);
INSERT INTO products VALUES(134,37843,'feelch','373664622319',44.0,'X2JK390','1','Yellow','Small',54.439999999999997724,'2022-10-31 14:36:48',2);
INSERT INTO products VALUES(135,37749,'letgasome','258803594990',73.0,'0XK0312','3','Grey','Small',85.094999999999998861,'2022-10-31 14:36:48',4);
INSERT INTO products VALUES(136,80152,'fegafeelso','273257198728',18.0,'3222XXS','2','Red','Medium',49.384999999999998009,'2022-10-31 14:36:48',2);
INSERT INTO products VALUES(137,95918,'came','261724614598',90.0,'9JV391V','2','Red','Small',7.0209999999999999076,'2022-10-31 14:36:48',1);
INSERT INTO products VALUES(138,8777,'cenchbo','388250896546',18.0,'1KK02JX','1','White','Medium',7.2389999999999998792,'2022-10-31 14:36:48',3);
INSERT INTO products VALUES(139,95325,'tenputenfeelca','932793087191',12.0,'2K3V03K','3','White','Medium',66.275000000000005686,'2022-10-31 14:36:48',1);
INSERT INTO products VALUES(140,96390,'chgacenten','970314118132',6.0,'2J39KJ9','3','Grey','Large',95.087000000000003298,'2022-10-31 14:36:48',4);
INSERT INTO products VALUES(141,66706,'feelpu','073442222540',95.0,'29S2392','1','Red','Large',73.039000000000001478,'2022-10-31 14:36:48',1);
INSERT INTO products VALUES(142,72600,'pucach','572893299883',78.0,'20J02XK','1','White','Large',70.695999999999997952,'2022-10-31 14:36:48',3);
INSERT INTO products VALUES(143,77830,'setencafeel','773479185640',59.0,'2XXKJSV','3','Blue','Large',84.786000000000001364,'2022-10-31 14:36:48',3);
INSERT INTO products VALUES(144,70074,'pulet','863213333067',32.0,'V3319S3','1','White','Small',71.953000000000002954,'2022-10-31 14:36:48',4);
INSERT INTO products VALUES(145,65392,'pufe','504107228235',63.0,'JX3012X','3','Black','Large',82.112999999999999548,'2022-10-31 14:36:48',2);
INSERT INTO products VALUES(146,53024,'feelletga','266562473822',72.0,'923K32V','3','Grey','Large',76.990999999999999658,'2022-10-31 14:36:48',1);
INSERT INTO products VALUES(147,22107,'gabumebufeel','644222683796',11.0,'200V0JS','3','Green','Small',93.503000000000000115,'2022-10-31 14:36:48',3);
INSERT INTO products VALUES(148,77305,'tenca','032203276912',72.0,'3JJ19XV','1','Yellow','Medium',63.399000000000000909,'2022-10-31 14:36:48',2);
INSERT INTO products VALUES(149,3678,'semecacafeel','835939994172',16.0,'JXS2V2K','1','Brown','Small',43.615000000000001987,'2022-10-31 14:36:48',5);
INSERT INTO products VALUES(150,97807,'gacobo','514846003723',100.0,'3KKXK1V','3','Blue','Medium',76.18000000000000682,'2022-10-31 14:36:48',5);
INSERT INTO products VALUES(151,89627,'mecenboco','578133834854',53.0,'XS0JK13','2','Red','Medium',58.484000000000001761,'2022-10-31 14:36:48',5);
INSERT INTO products VALUES(152,47098,'chch','741882864789',86.0,'X9JKK92','2','Red','Large',53.167000000000001593,'2022-10-31 14:36:48',2);
INSERT INTO products VALUES(153,13868,'chcaga','063009829903',31.0,'VSX0JJ1','2','Blue','Large',59.932999999999999828,'2022-10-31 14:36:48',2);
INSERT INTO products VALUES(154,99162,'sosech','398100171439',78.0,'1SV91SK','3','Red','Medium',84.987999999999999543,'2022-10-31 14:36:48',2);
INSERT INTO products VALUES(155,85589,'cententenlet','481710614204',43.0,'00VS193','3','Blue','Small',12.500999999999999445,'2022-10-31 14:36:48',5);
INSERT INTO products VALUES(156,74955,'tenbochme','538898197696',47.0,'J2100XS','1','Brown','Medium',13.949999999999999289,'2022-10-31 14:36:48',2);
INSERT INTO products VALUES(157,54021,'bufechletfeel','402403479467',30.0,'S3JVJ11','2','White','Medium',39.229999999999996874,'2022-10-31 14:36:48',5);
INSERT INTO products VALUES(158,84061,'tentenhaso','983646792125',63.0,'2209903','1','Black','Small',78.733999999999994658,'2022-10-31 14:36:48',2);
INSERT INTO products VALUES(159,68389,'censeten','288676419283',21.0,'XJ3JJJ9','2','Red','Medium',5.17900000000000027,'2022-10-31 14:36:48',3);
INSERT INTO products VALUES(160,1826,'meca','548130040433',45.0,'0K303KK','3','Yellow','Large',53.125,'2022-10-31 14:36:48',2);
INSERT INTO products VALUES(161,36228,'mebosecen','483663992842',34.0,'2090XX3','3','Yellow','Small',96.944000000000002618,'2022-10-31 14:36:48',5);
INSERT INTO products VALUES(162,41780,'gachcoten','515530225196',51.0,'X9VSJ1V','2','White','Medium',37.497999999999997555,'2022-10-31 14:36:48',1);
INSERT INTO products VALUES(163,53022,'gasobucen','997627383565',96.0,'3SJS9SX','1','Brown','Medium',33.494999999999997442,'2022-10-31 14:36:48',2);
INSERT INTO products VALUES(164,98635,'coseca','987284119599',7.0,'339210J','3','Green','Large',30.943000000000001393,'2022-10-31 14:36:48',5);
INSERT INTO products VALUES(165,23836,'letgalet','301173386511',93.0,'VK10V21','1','Blue','Small',77.614999999999994884,'2022-10-31 14:36:48',4);
INSERT INTO products VALUES(166,35502,'chcen','176941303709',57.0,'X3XX209','2','Green','Small',59.655999999999998807,'2022-10-31 14:36:48',3);
INSERT INTO products VALUES(167,27341,'bulethabuco','892757412084',10.0,'J9VV233','1','Grey','Medium',39.082999999999998408,'2022-10-31 14:36:48',5);
INSERT INTO products VALUES(168,38842,'buletten','542813854070',48.0,'219XXX1','2','Blue','Large',42.125,'2022-10-31 14:36:48',1);
INSERT INTO products VALUES(169,24379,'letbu','317030015041',55.0,'31J20S2','2','Blue','Small',48.151000000000003355,'2022-10-31 14:36:48',5);
INSERT INTO products VALUES(170,89287,'capu','243678901148',67.0,'J1XJX93','3','Grey','Small',92.438999999999992953,'2022-10-31 14:36:48',3);
INSERT INTO products VALUES(171,53090,'cagase','320781540888',68.0,'X231KV2','3','Brown','Small',7.75,'2022-10-31 14:36:48',1);
INSERT INTO products VALUES(172,86705,'cenfeca','461583181558',36.0,'KV210SJ','2','Red','Large',40.283000000000001249,'2022-10-31 14:36:48',4);
INSERT INTO products VALUES(173,15349,'feletboca','775139200746',91.0,'X2J09XJ','2','Yellow','Large',34.31799999999999784,'2022-10-31 14:36:48',2);
INSERT INTO products VALUES(174,88486,'feelfechse','348491845220',19.0,'X1XV132','2','Grey','Medium',22.321999999999999175,'2022-10-31 14:36:48',1);
INSERT INTO products VALUES(175,15825,'feelcafeel','674990890979',25.0,'9J9J09J','1','Yellow','Medium',53.865000000000001988,'2022-10-31 14:36:48',5);
INSERT INTO products VALUES(176,23384,'tencagabuse','746100761066',89.0,'K2X1VS3','1','Blue','Medium',22.106000000000001648,'2022-10-31 14:36:48',3);
INSERT INTO products VALUES(177,17290,'letboco','600235112540',59.0,'K1112X2','2','Grey','Small',28.638999999999999346,'2022-10-31 14:36:48',3);
INSERT INTO products VALUES(178,14415,'letmeco','144895567445',86.0,'300XKK0','1','Brown','Large',9.9480000000000003979,'2022-10-31 14:36:48',2);
INSERT INTO products VALUES(179,1022,'cachso','145553414021',40.0,'XK39021','2','Yellow','Large',40.362000000000001877,'2022-10-31 14:36:48',3);
INSERT INTO products VALUES(180,5053,'pufeeltencen','674596861406',17.0,'JKV13X9','1','Brown','Large',86.617999999999994997,'2022-10-31 14:36:48',3);
INSERT INTO products VALUES(181,64657,'febu','878461805301',95.0,'JVJ39V0','1','White','Large',65.076999999999998181,'2022-10-31 14:36:48',3);
INSERT INTO products VALUES(182,90551,'meme','619784223238',23.0,'VJ1XJ31','1','Yellow','Large',32.881999999999997896,'2022-10-31 14:36:48',5);
INSERT INTO products VALUES(183,20013,'cencosebuco','473349508329',21.0,'VJ13JSV','2','Green','Large',35.880000000000002557,'2022-10-31 14:36:48',5);
INSERT INTO products VALUES(184,29575,'febufeel','593176560307',94.0,'2S1V1S1','1','Red','Large',71.634000000000000339,'2022-10-31 14:36:48',5);
INSERT INTO products VALUES(185,37680,'pucopu','314348438917',6.0,'1JKJKSK','3','Brown','Large',88.393000000000000685,'2022-10-31 14:36:48',4);
INSERT INTO products VALUES(186,90833,'butenca','092660217761',79.0,'K3XXKXJ','1','Red','Large',23.609000000000001761,'2022-10-31 14:36:48',2);
INSERT INTO products VALUES(187,72404,'boca','123277152562',5.0,'X3X030S','1','Black','Large',19.719999999999998863,'2022-10-31 14:36:48',1);
INSERT INTO products VALUES(188,94385,'casocolet','241271777238',44.0,'VJX0319','2','White','Medium',3.5360000000000000319,'2022-10-31 14:36:48',5);
INSERT INTO products VALUES(189,48487,'letsebuga','147729154625',7.0,'32V20K0','3','White','Large',32.973999999999996646,'2022-10-31 14:36:48',3);
INSERT INTO products VALUES(190,4516,'febubugaca','828577992028',25.0,'21V31XK','1','Blue','Medium',61.776000000000003352,'2022-10-31 14:36:48',5);
INSERT INTO products VALUES(191,35417,'puca','598477307438',100.0,'JS21JV0','3','Green','Small',64.528999999999996362,'2022-10-31 14:36:48',5);
INSERT INTO products VALUES(192,49647,'cacenbo','137701791103',9.0,'XS9999X','3','Grey','Medium',12.218999999999999416,'2022-10-31 14:36:48',5);
INSERT INTO products VALUES(193,92503,'camesobo','474054004425',100.0,'JKJX203','2','Grey','Large',17.353999999999999204,'2022-10-31 14:36:48',4);
INSERT INTO products VALUES(194,49417,'cabu','509326516790',65.0,'0VK091X','2','Green','Large',28.829000000000000625,'2022-10-31 14:36:48',3);
INSERT INTO products VALUES(195,40074,'puca','576038227780',66.0,'22X102K','2','Red','Small',54.659999999999996588,'2022-10-31 14:36:48',2);
INSERT INTO products VALUES(196,2251,'caboca','805594556884',38.0,'X90XKSX','3','White','Large',42.892000000000003014,'2022-10-31 14:36:48',1);
INSERT INTO products VALUES(197,88507,'sogaletca','721937065858',52.0,'23201SS','2','Yellow','Large',29.527999999999998692,'2022-10-31 14:36:48',1);
INSERT INTO products VALUES(198,75352,'letbopu','935323525804',77.0,'X2J1KS0','2','Brown','Large',32.942999999999997839,'2022-10-31 14:36:48',3);
INSERT INTO products VALUES(199,67446,'sofech','582268680920',16.0,'KV133S3','3','White','Large',1.9250000000000000444,'2022-10-31 14:36:48',4);
INSERT INTO products VALUES(200,5565,'gacobuletfe','243760827626',57.0,'XKSV29X','3','Red','Small',38.253999999999997783,'2022-10-31 14:36:48',1);
INSERT INTO products VALUES(201,65479,'comehahacen','999403373888',100.0,'9KJS2SJ','2','White','Large',69.263999999999995792,'2022-10-31 14:36:48',4);
INSERT INTO products VALUES(202,71417,'sechletca','813710800040',71.0,'SKJJJ2X','2','Yellow','Large',35.258000000000002671,'2022-10-31 14:36:48',5);
INSERT INTO products VALUES(203,10813,'sosoca','778352419228',63.0,'S39XS9K','1','Black','Medium',39.02300000000000324,'2022-10-31 14:36:48',3);
INSERT INTO products VALUES(204,45650,'megagaco','743027785996',34.0,'00J3SKV','3','White','Large',32.094000000000001194,'2022-10-31 14:36:48',3);
INSERT INTO products VALUES(205,75411,'socoga','844917155718',26.0,'3VVXSK1','2','Green','Small',86.34000000000000341,'2022-10-31 14:36:48',1);
INSERT INTO products VALUES(206,98662,'coca','517891033222',45.0,'V10S031','1','Grey','Large',96.844999999999998863,'2022-10-31 14:36:48',2);
INSERT INTO products VALUES(207,3899,'letbotenca','757785392629',54.0,'13S9SXV','2','Black','Medium',61.152999999999998691,'2022-10-31 14:36:48',2);
INSERT INTO products VALUES(208,55818,'copumegabo','279454441103',27.0,'VV23SK3','1','Yellow','Small',90.346000000000003639,'2022-10-31 14:36:48',1);
INSERT INTO products VALUES(209,7070,'bobo','684921829159',77.0,'21XJSK9','2','Black','Medium',53.258000000000002673,'2022-10-31 14:36:48',3);
INSERT INTO products VALUES(210,55627,'letfetenhaco','969411410446',10.0,'J0K3JJK','1','Red','Small',17.489999999999998436,'2022-10-31 14:36:48',3);
INSERT INTO products VALUES(211,9733,'cengafetenme','961219768315',88.0,'X2SK1V9','3','Red','Medium',28.443999999999999062,'2022-10-31 14:36:48',1);
INSERT INTO products VALUES(212,89947,'gaca','992008116074',58.0,'X10X132','2','Grey','Large',92.278999999999996358,'2022-10-31 14:36:48',2);
INSERT INTO products VALUES(213,84196,'letsobu','772392233586',24.0,'J33XS1V','2','White','Large',77.361999999999994772,'2022-10-31 14:36:48',1);
INSERT INTO products VALUES(214,38741,'cagafeco','776409565358',52.0,'9K9X993','1','Red','Large',43.947000000000002728,'2022-10-31 14:36:48',2);
INSERT INTO products VALUES(215,69652,'cocacenca','491534744409',29.0,'X31JJ32','1','Yellow','Small',46.865999999999999659,'2022-10-31 14:36:48',5);
INSERT INTO products VALUES(216,46776,'cenca','702955757369',35.0,'0X3KS12','3','White','Large',87.617000000000004435,'2022-10-31 14:36:48',1);
INSERT INTO products VALUES(217,46375,'gacoch','638696526733',36.0,'9X1JK31','1','Grey','Medium',78.581000000000003069,'2022-10-31 14:36:48',3);
INSERT INTO products VALUES(218,14793,'centenme','119824979331',55.0,'J320X23','1','Grey','Large',51.215000000000003412,'2022-10-31 14:36:48',4);
INSERT INTO products VALUES(219,71620,'feelsogaha','662803727779',33.0,'XX1X931','3','Green','Large',38.948999999999998067,'2022-10-31 14:36:48',3);
INSERT INTO products VALUES(220,92629,'chcabupu','797081413531',33.0,'0J1JV1K','3','Blue','Large',81.040999999999996815,'2022-10-31 14:36:48',4);
INSERT INTO products VALUES(221,12072,'segachch','592439551333',79.0,'0VJS9SX','1','White','Large',45.387000000000000455,'2022-10-31 14:36:48',4);
INSERT INTO products VALUES(222,69847,'chcenchchfe','651220401795',33.0,'X9003SV','3','Grey','Small',53.076000000000000513,'2022-10-31 14:36:48',2);
INSERT INTO products VALUES(223,62070,'cenfeelca','281295668944',74.0,'S9K2921','2','Green','Large',66.281000000000005909,'2022-10-31 14:36:48',5);
INSERT INTO products VALUES(224,88178,'cencen','699174825295',52.0,'110J3SJ','3','Yellow','Medium',5.9320000000000003836,'2022-10-31 14:36:48',4);
INSERT INTO products VALUES(225,82540,'gasogamelet','755708031538',76.0,'09V23VV','3','Brown','Medium',75.412999999999996703,'2022-10-31 14:36:48',2);
INSERT INTO products VALUES(226,15474,'cachchha','866996372326',12.0,'K32K1XK','2','Grey','Medium',8.0160000000000000142,'2022-10-31 14:36:48',4);
INSERT INTO products VALUES(227,19283,'pucasogaga','047233743501',38.0,'9991JK0','2','Yellow','Large',11.83000000000000007,'2022-10-31 14:36:48',5);
INSERT INTO products VALUES(228,12093,'meten','684155195405',94.0,'3J003S9','3','Black','Small',86.26800000000000068,'2022-10-31 14:36:48',3);
INSERT INTO products VALUES(229,53457,'letpu','712249867764',91.0,'VK3XJ22','3','Brown','Small',43.627000000000002444,'2022-10-31 14:36:48',1);
INSERT INTO products VALUES(230,8776,'feelsometen','051448605545',100.0,'K1VV209','1','Black','Large',8.0999999999999996447,'2022-10-31 14:36:48',2);
INSERT INTO products VALUES(231,90438,'cenchfeel','550519309492',90.0,'S1VK3SS','3','Yellow','Large',41.938000000000002385,'2022-10-31 14:36:48',5);
INSERT INTO products VALUES(232,44365,'meletcenca','556486344986',45.0,'9V91SKJ','3','Grey','Large',16.35099999999999909,'2022-10-31 14:36:48',4);
INSERT INTO products VALUES(233,6827,'feseboco','316418678880',25.0,'300KV2J','3','Black','Medium',50.445000000000000282,'2022-10-31 14:36:48',5);
INSERT INTO products VALUES(234,10577,'sobohasobu','162303335637',71.0,'S23SVJ0','3','White','Medium',82.090000000000003408,'2022-10-31 14:36:48',4);
INSERT INTO products VALUES(235,22181,'letcame','349696166408',59.0,'SS2V2V1','2','Blue','Large',97.733000000000004089,'2022-10-31 14:36:48',1);
INSERT INTO products VALUES(236,43408,'cenbo','672855124405',27.0,'2V3SSJ1','3','Yellow','Large',76.534999999999996588,'2022-10-31 14:36:48',5);
INSERT INTO products VALUES(237,49869,'sogaca','279278325623',90.0,'399X92V','1','White','Medium',79.052999999999997273,'2022-10-31 14:36:48',5);
INSERT INTO products VALUES(238,57133,'memecosese','091349834505',60.0,'J2S1JJ0','1','Red','Large',38.752000000000002444,'2022-10-31 14:36:48',2);
INSERT INTO products VALUES(239,2089,'pugapubulet','465739084555',34.0,'9JVS9V9','2','Grey','Small',98.25600000000000023,'2022-10-31 14:36:48',2);
INSERT INTO products VALUES(240,90546,'fegaco','930324179880',67.0,'VX3VJJ2','2','Brown','Large',15.625999999999999445,'2022-10-31 14:36:48',3);
INSERT INTO products VALUES(241,43771,'gacopucase','838122126084',48.0,'1KS3J1X','3','Red','Medium',88.123999999999995226,'2022-10-31 14:36:48',4);
INSERT INTO products VALUES(242,12726,'gaten','046746282630',62.0,'V313S2S','1','Black','Small',62.228000000000001533,'2022-10-31 14:36:48',3);
INSERT INTO products VALUES(243,70053,'chhahasoca','851888524980',78.0,'3V0V0X9','2','Grey','Medium',94.992999999999994994,'2022-10-31 14:36:48',3);
INSERT INTO products VALUES(244,16307,'bufeel','401160363820',62.0,'JSXJJ39','1','Green','Medium',89.647999999999996136,'2022-10-31 14:36:48',4);
INSERT INTO products VALUES(245,23908,'chcochboso','389385886547',35.0,'120J9S3','3','Green','Small',95.808999999999997498,'2022-10-31 14:36:48',4);
INSERT INTO products VALUES(246,62170,'meletcose','638674040559',24.0,'9X1SJ9V','1','White','Large',31.461999999999999745,'2022-10-31 14:36:48',1);
INSERT INTO products VALUES(247,78676,'selet','754566797029',71.0,'X0S11X3','3','Green','Small',10.414999999999999147,'2022-10-31 14:36:48',4);
INSERT INTO products VALUES(248,10330,'game','613665143931',64.0,'JSK19SS','3','Yellow','Large',44.481000000000001648,'2022-10-31 14:36:48',3);
INSERT INTO products VALUES(249,76661,'caga','116285457016',46.0,'1XV9KV2','2','Green','Small',16.704999999999998294,'2022-10-31 14:36:48',3);
INSERT INTO products VALUES(250,7641,'habosocabu','882666668864',29.0,'3JV2101','3','Blue','Medium',12.785000000000000142,'2022-10-31 14:36:48',2);
INSERT INTO products VALUES(251,41494,'sohaca','946237013475',21.0,'S3KV2SV','2','Red','Small',33.335000000000000852,'2022-10-31 14:36:48',4);
INSERT INTO products VALUES(252,32788,'tengacabo','778803284779',90.0,'02S2XSV','2','Green','Large',21.993999999999999772,'2022-10-31 14:36:48',2);
INSERT INTO products VALUES(253,82384,'copuga','154302100541',16.0,'0JV1901','2','White','Small',64.427000000000006706,'2022-10-31 14:36:48',5);
INSERT INTO products VALUES(254,6244,'cobuca','658717647490',91.0,'2K009S3','3','Red','Small',49.423000000000001817,'2022-10-31 14:36:48',2);
INSERT INTO products VALUES(255,14099,'fehahame','164655265306',95.0,'12112S9','3','Grey','Large',17.20899999999999963,'2022-10-31 14:36:48',2);
INSERT INTO products VALUES(256,97889,'gapucaha','080974961206',29.0,'0920S1V','2','Yellow','Large',70.644000000000005457,'2022-10-31 14:36:48',1);
INSERT INTO products VALUES(257,72685,'tenbopuse','999850063955',85.0,'S31J13V','2','White','Small',97.507999999999995562,'2022-10-31 14:36:48',3);
INSERT INTO products VALUES(258,27946,'chch','000496688066',100.0,'X23VKJ1','1','Grey','Small',88.12999999999999545,'2022-10-31 14:36:48',2);
INSERT INTO products VALUES(259,62191,'bosoco','585828517687',88.0,'V33JJ2V','3','Black','Medium',89.611999999999994766,'2022-10-31 14:36:48',5);
INSERT INTO products VALUES(260,78022,'came','315049109875',82.0,'99KV329','3','Green','Small',90.450000000000002845,'2022-10-31 14:36:48',2);
INSERT INTO products VALUES(261,26534,'bomeha','713916733343',74.0,'2932VV3','3','Grey','Large',71.841999999999998751,'2022-10-31 14:36:48',1);
INSERT INTO products VALUES(262,48816,'cafeelbutenten','774978810062',30.0,'3XSJ02K','1','Blue','Medium',79.819000000000002613,'2022-10-31 14:36:48',5);
INSERT INTO products VALUES(263,77072,'bugapu','621863987812',63.0,'2KVJV22','2','Black','Small',28.661000000000001364,'2022-10-31 14:36:48',5);
INSERT INTO products VALUES(264,92208,'camefeten','218161787041',81.0,'0239J1J','2','White','Medium',63.286000000000001363,'2022-10-31 14:36:48',3);
INSERT INTO products VALUES(265,12115,'socose','189615548790',51.0,'2VSK11J','3','Green','Large',13.310999999999999943,'2022-10-31 14:36:48',3);
INSERT INTO products VALUES(266,8631,'fefesococo','583239247048',13.0,'XX11VVV','1','Black','Large',47.475999999999999091,'2022-10-31 14:36:48',5);
INSERT INTO products VALUES(267,63916,'cacagabuca','835368458227',38.0,'39SJ0X9','2','Red','Medium',76.242999999999994998,'2022-10-31 14:36:48',3);
INSERT INTO products VALUES(268,37336,'cobucaca','873755344395',32.0,'1V013VJ','1','White','Medium',6.581000000000000405,'2022-10-31 14:36:48',1);
INSERT INTO products VALUES(269,91097,'pufeelmesecen','078459354212',30.0,'3X1SJ92','1','Yellow','Medium',17.596000000000000084,'2022-10-31 14:36:48',4);
INSERT INTO products VALUES(270,90526,'fecocenboca','055289590305',84.0,'13X091S','1','Green','Medium',91.25,'2022-10-31 14:36:48',1);
INSERT INTO products VALUES(271,68822,'some','883159272007',70.0,'JKV9012','3','Brown','Large',55.575000000000002843,'2022-10-31 14:36:48',4);
INSERT INTO products VALUES(272,54009,'hafe','405324743965',82.0,'XX9JVS9','3','Yellow','Small',32.210999999999998522,'2022-10-31 14:36:48',1);
INSERT INTO products VALUES(273,97092,'cenfesefeelco','702225732213',28.0,'3031X02','3','Red','Medium',35.192000000000000169,'2022-10-31 14:36:48',2);
INSERT INTO products VALUES(274,90536,'segafeca','644851825984',8.0,'1K3JXK0','3','Green','Large',65.939999999999997725,'2022-10-31 14:36:48',4);
INSERT INTO products VALUES(275,1634,'bupubu','723388011115',14.0,'2V02933','3','Brown','Large',50.536000000000001362,'2022-10-31 14:36:48',5);
INSERT INTO products VALUES(276,89505,'chbu','156356811948',56.0,'J039SVX','2','White','Large',78.239999999999994884,'2022-10-31 14:36:48',5);
INSERT INTO products VALUES(277,48371,'puboco','855864135345',34.0,'01KJS21','2','Blue','Large',98.459999999999993748,'2022-10-31 14:36:48',4);
INSERT INTO products VALUES(278,52559,'busebu','628449916816',47.0,'19K29K2','3','Green','Small',8.1660000000000003694,'2022-10-31 14:36:48',5);
INSERT INTO products VALUES(279,13082,'hafeelmeletcen','597734560712',98.0,'SV02VK0','3','Blue','Small',97.423000000000001818,'2022-10-31 14:36:48',2);
INSERT INTO products VALUES(280,52819,'feletletpu','547424851344',18.0,'1S03990','1','White','Large',25.266999999999999459,'2022-10-31 14:36:48',2);
INSERT INTO products VALUES(281,79349,'pubolet','644005513005',90.0,'V131031','2','Green','Large',73.930999999999997386,'2022-10-31 14:36:48',1);
INSERT INTO products VALUES(282,78945,'chpumese','544391669792',26.0,'KVK1J19','1','Red','Small',58.765999999999998237,'2022-10-31 14:36:48',2);
INSERT INTO products VALUES(283,25676,'caletsebo','092084034929',72.0,'XJK9K9X','1','Green','Small',1.9290000000000000479,'2022-10-31 14:36:48',3);
INSERT INTO products VALUES(284,91638,'letlet','304147865972',72.0,'9XKKSS3','3','Brown','Small',46.634999999999998008,'2022-10-31 14:36:48',5);
INSERT INTO products VALUES(285,27452,'socatenpu','149383022034',90.0,'9VXSV11','3','Brown','Medium',37.439999999999997726,'2022-10-31 14:36:48',1);
INSERT INTO products VALUES(286,68955,'cochten','425690277146',57.0,'0V323S0','1','Black','Large',1.1080000000000000959,'2022-10-31 14:36:48',4);
INSERT INTO products VALUES(287,62085,'bucenfe','838300630338',65.0,'JK2091S','1','Grey','Medium',70.209000000000003184,'2022-10-31 14:36:48',1);
INSERT INTO products VALUES(288,26032,'cococatenlet','264407615764',8.0,'J9903V0','2','Green','Medium',30.829999999999998295,'2022-10-31 14:36:48',5);
INSERT INTO products VALUES(289,64206,'boco','501042029761',15.0,'1VJ0V09','3','Black','Small',43.743999999999999771,'2022-10-31 14:36:48',5);
INSERT INTO products VALUES(290,54512,'bocafeelbulet','704815897369',41.0,'23202XJ','2','White','Medium',16.897999999999999687,'2022-10-31 14:36:48',1);
INSERT INTO products VALUES(291,39625,'pulet','465614629312',95.0,'3VXSXV9','3','Yellow','Large',14.311999999999999388,'2022-10-31 14:36:48',5);
INSERT INTO products VALUES(292,69255,'gaboco','413908103203',82.0,'KKV9S0V','1','Red','Small',13.230999999999999872,'2022-10-31 14:36:48',1);
INSERT INTO products VALUES(293,76779,'hagabucenlet','300823427782',86.0,'S3V2J0K','2','White','Small',19.821999999999999175,'2022-10-31 14:36:48',5);
INSERT INTO products VALUES(294,88379,'bucacase','524886528657',72.0,'J1JSS2S','2','Red','Small',51.222999999999998975,'2022-10-31 14:36:48',2);
INSERT INTO products VALUES(295,19700,'chsogatenfe','574017215238',57.0,'02V00V9','2','Yellow','Small',17.786000000000001363,'2022-10-31 14:36:48',2);
INSERT INTO products VALUES(296,41159,'chboten','658978731793',39.0,'V2V2JJ0','2','White','Large',63.381000000000000229,'2022-10-31 14:36:48',1);
INSERT INTO products VALUES(297,52711,'buletcase','453227826769',33.0,'002VKVX','3','Green','Small',16.457000000000000738,'2022-10-31 14:36:48',3);
INSERT INTO products VALUES(298,22703,'tencalet','046933216867',51.0,'902JSJ9','2','Red','Medium',15.208000000000000184,'2022-10-31 14:36:48',2);
INSERT INTO products VALUES(299,24201,'sebuhacenca','275718678337',26.0,'JS0230V','1','White','Medium',34.457000000000000739,'2022-10-31 14:36:48',5);
INSERT INTO products VALUES(300,53143,'bubobuga','330823700718',60.0,'1J20VK0','3','Blue','Medium',77.74099999999999966,'2022-10-31 14:36:48',1);
INSERT INTO products VALUES(301,58110,'tenfetenca','223200025761',45.0,'V0V1XK2','3','Brown','Small',52.795999999999999375,'2022-10-31 14:36:48',2);
INSERT INTO products VALUES(302,76331,'feelfepubu','168643782827',72.0,'VJ0V0KK','1','Red','Medium',30.329999999999998293,'2022-10-31 14:36:48',5);
INSERT INTO products VALUES(303,39389,'puha','144035908192',99.0,'013X9SK','2','Grey','Large',9.9199999999999999289,'2022-10-31 14:36:48',3);
INSERT INTO products VALUES(304,23172,'febupumelet','043724586402',44.0,'X92VJKV','2','Brown','Small',90.822999999999993294,'2022-10-31 14:36:48',5);
INSERT INTO products VALUES(305,26282,'cocenpufe','081903835577',15.0,'V1V3K23','3','White','Large',73.501000000000004776,'2022-10-31 14:36:48',4);
INSERT INTO products VALUES(306,42762,'hapupubobu','544332877656',39.0,'VK0KSS3','3','Yellow','Medium',76.637000000000000455,'2022-10-31 14:36:48',3);
INSERT INTO products VALUES(307,36382,'tencapu','820683603083',62.0,'00X909V','3','Green','Small',85.525999999999996244,'2022-10-31 14:36:48',1);
INSERT INTO products VALUES(308,89347,'cocenhacacen','390050204648',84.0,'911X0XX','1','Red','Medium',80.864999999999994887,'2022-10-31 14:36:48',1);
INSERT INTO products VALUES(309,48686,'sofelet','117228635531',29.0,'K993JX0','2','Green','Medium',25.754999999999999005,'2022-10-31 14:36:48',3);
INSERT INTO products VALUES(310,38172,'feelca','355441158190',63.0,'S2KV0SV','2','Grey','Medium',21.602000000000000311,'2022-10-31 14:36:48',5);
INSERT INTO products VALUES(311,41962,'meca','594677779978',39.0,'0J392JJ','1','White','Small',34.756000000000000227,'2022-10-31 14:36:48',3);
INSERT INTO products VALUES(312,56310,'galetcahalet','522382645565',51.0,'K3S93JX','3','Red','Medium',16.484000000000001762,'2022-10-31 14:36:48',1);
INSERT INTO products VALUES(313,28617,'cencogaco','564003109128',27.0,'JS213SX','3','Brown','Large',32.246999999999999887,'2022-10-31 14:36:48',2);
INSERT INTO products VALUES(314,76979,'feellet','156191814963',6.0,'3JV0JS0','1','Yellow','Medium',7.0469999999999997086,'2022-10-31 14:36:48',4);
INSERT INTO products VALUES(315,75755,'buhasotencen','060755365895',30.0,'J2XV2J9','2','Grey','Medium',2.8500000000000000888,'2022-10-31 14:36:48',2);
INSERT INTO products VALUES(316,51732,'gach','426582206143',84.0,'XSK32S3','1','Brown','Small',16.756000000000000227,'2022-10-31 14:36:48',1);
INSERT INTO products VALUES(317,12360,'mebometen','634429196087',23.0,'2XKVXJK','3','Blue','Medium',57.287999999999996703,'2022-10-31 14:36:49',4);
INSERT INTO products VALUES(318,93356,'secosomefe','535178270860',47.0,'JV12K0V','2','Green','Large',14.079000000000000625,'2022-10-31 14:36:49',1);
INSERT INTO products VALUES(319,21167,'fecenhaten','136686080569',39.0,'XSV931S','1','Black','Small',66.073999999999998068,'2022-10-31 14:36:49',5);
INSERT INTO products VALUES(320,43650,'fegabo','174297655294',20.0,'3323VSK','2','Blue','Medium',92.543000000000006366,'2022-10-31 14:36:49',4);
INSERT INTO products VALUES(321,30417,'tenpusohaco','615985543949',68.0,'S1XV21X','3','White','Small',88.903999999999996362,'2022-10-31 14:36:49',5);
INSERT INTO products VALUES(322,68460,'cosomecome','129199704887',43.0,'0JK3JSJ','3','White','Medium',33.277999999999998692,'2022-10-31 14:36:49',3);
INSERT INTO products VALUES(323,94617,'tencafeelhaca','821322951850',54.0,'VS2V991','2','Blue','Large',75.462999999999993859,'2022-10-31 14:36:49',3);
INSERT INTO products VALUES(324,57217,'gaten','282623567106',24.0,'3X9VV2J','1','White','Large',89.650999999999996248,'2022-10-31 14:36:49',2);
INSERT INTO products VALUES(325,7418,'letcaga','079053143332',74.0,'XKV31V1','3','Red','Medium',14.391000000000000013,'2022-10-31 14:36:49',4);
INSERT INTO products VALUES(326,93787,'feelfeelcach','071714362657',95.0,'1S9190X','2','White','Medium',65.322000000000002726,'2022-10-31 14:36:49',3);
INSERT INTO products VALUES(327,6954,'habopu','865767768039',87.0,'JJ9233X','1','Blue','Large',96.004999999999995454,'2022-10-31 14:36:49',4);
INSERT INTO products VALUES(328,35005,'gafeel','540162692575',98.0,'XVVSXKV','3','Red','Small',37.670999999999999375,'2022-10-31 14:36:49',3);
INSERT INTO products VALUES(329,33313,'feelcachten','756246354372',68.0,'X913K3K','1','Grey','Large',84.855000000000003982,'2022-10-31 14:36:49',3);
INSERT INTO products VALUES(330,41106,'mega','287844062583',94.0,'S3X9XJJ','2','Brown','Small',37.424999999999997157,'2022-10-31 14:36:49',5);
INSERT INTO products VALUES(331,44768,'sebufe','911763596722',13.0,'119J3SK','3','Brown','Medium',58.780999999999998806,'2022-10-31 14:36:49',1);
INSERT INTO products VALUES(332,67496,'tenbochboten','405967407438',48.0,'VVKS32X','3','White','Large',58.886000000000002785,'2022-10-31 14:36:49',4);
INSERT INTO products VALUES(333,8297,'feelcacalet','804297133199',78.0,'XV0X0J3','3','Blue','Large',75.27200000000000557,'2022-10-31 14:36:49',5);
INSERT INTO products VALUES(334,48277,'meme','526190405285',49.0,'2009J31','3','Red','Medium',66.040000000000006253,'2022-10-31 14:36:49',2);
INSERT INTO products VALUES(335,29538,'soca','926088939474',9.0,'S91JJ33','3','Black','Small',75.397999999999996134,'2022-10-31 14:36:49',5);
INSERT INTO products VALUES(336,2147,'caga','578957829553',95.0,'VSSKJ9X','2','Black','Medium',88.706000000000003067,'2022-10-31 14:36:49',4);
INSERT INTO products VALUES(337,4223,'gacachchpu','634984457000',17.0,'02VJ01S','2','White','Medium',47.055999999999997386,'2022-10-31 14:36:49',3);
INSERT INTO products VALUES(338,99283,'chcocengaha','256409137322',90.0,'KKKS092','1','Green','Small',66.025000000000005685,'2022-10-31 14:36:49',5);
INSERT INTO products VALUES(339,86230,'letcoco','463920595509',23.0,'V2K9010','1','White','Medium',54.103000000000001533,'2022-10-31 14:36:49',3);
INSERT INTO products VALUES(340,68140,'mefeelcen','437830388278',29.0,'29K1XKK','1','White','Large',63.561999999999997611,'2022-10-31 14:36:49',4);
INSERT INTO products VALUES(341,27389,'cagaha','487695804866',99.0,'XVSK3S1','2','Grey','Medium',5.7580000000000000071,'2022-10-31 14:36:49',3);
INSERT INTO products VALUES(342,51128,'puletcafeel','165805275909',82.0,'2JJX3JJ','1','Black','Small',63.320999999999997955,'2022-10-31 14:36:49',4);
INSERT INTO products VALUES(343,9139,'gasocenbu','435597657272',75.0,'K03931X','1','White','Medium',92.31100000000000705,'2022-10-31 14:36:49',3);
INSERT INTO products VALUES(344,98104,'secaco','459329650738',90.0,'JJS3399','3','Black','Small',43.810999999999999943,'2022-10-31 14:36:49',5);
INSERT INTO products VALUES(345,8377,'socobu','099489433110',13.0,'JSKSS0K','2','Grey','Medium',54.692000000000000172,'2022-10-31 14:36:49',4);
INSERT INTO products VALUES(346,7115,'bume','376994841304',71.0,'11V2S3J','1','Grey','Small',40.091999999999998749,'2022-10-31 14:36:49',3);
INSERT INTO products VALUES(347,43536,'cacoha','286849219746',72.0,'S920V9X','1','Grey','Large',57.695000000000000285,'2022-10-31 14:36:49',4);
INSERT INTO products VALUES(348,72891,'feelfeelfeelcen','728494987861',82.0,'JS1KK99','3','Yellow','Medium',51.770000000000003124,'2022-10-31 14:36:49',1);
INSERT INTO products VALUES(349,67015,'sosech','977161471629',54.0,'VVK232V','1','Blue','Small',30.253000000000000112,'2022-10-31 14:36:49',4);
INSERT INTO products VALUES(350,2721,'feeltenmefeelbo','593777579622',18.0,'JK9X29V','1','Grey','Large',46.859000000000001762,'2022-10-31 14:36:49',3);
INSERT INTO products VALUES(351,52160,'bosetenpuca','948977187863',34.0,'2300S30','2','Green','Medium',66.503000000000000112,'2022-10-31 14:36:49',2);
INSERT INTO products VALUES(352,78821,'coha','856117883708',12.0,'3SKS0V2','1','Grey','Large',21.493999999999999772,'2022-10-31 14:36:49',4);
INSERT INTO products VALUES(353,89876,'metensofefeel','044366761292',33.0,'S01S2VX','1','White','Small',83.579999999999998296,'2022-10-31 14:36:49',4);
INSERT INTO products VALUES(354,55102,'came','806971838283',23.0,'VS2230J','1','Brown','Small',43.472000000000001309,'2022-10-31 14:36:49',3);
INSERT INTO products VALUES(355,44003,'seca','623230512799',43.0,'S9JSS9J','2','Brown','Medium',96.367999999999995001,'2022-10-31 14:36:49',4);
INSERT INTO products VALUES(356,82852,'tenso','329563841601',22.0,'S9XXV9V','3','Yellow','Medium',41.533000000000001249,'2022-10-31 14:36:49',1);
INSERT INTO products VALUES(357,94135,'sopu','799679166855',20.0,'XK30S0X','3','Black','Large',31.265000000000000568,'2022-10-31 14:36:49',2);
INSERT INTO products VALUES(358,45764,'sesecaso','330966742552',43.0,'J13V31S','1','Green','Small',70.954999999999998293,'2022-10-31 14:36:49',2);
INSERT INTO products VALUES(359,6878,'meputen','724172933856',43.0,'J2V12V2','2','Blue','Small',25.064000000000000057,'2022-10-31 14:36:49',1);
INSERT INTO products VALUES(360,5903,'gaboha','410116402045',19.0,'0S293X3','1','White','Medium',53.11500000000000199,'2022-10-31 14:36:49',1);
INSERT INTO products VALUES(361,23432,'gacabuletga','295361091639',8.0,'K22900J','2','Grey','Small',90.352999999999994429,'2022-10-31 14:36:49',5);
INSERT INTO products VALUES(362,40176,'centenfeel','481679603768',30.0,'K9S2K30','2','White','Medium',16.460000000000000852,'2022-10-31 14:36:49',4);
INSERT INTO products VALUES(363,45249,'sochtenchch','378436655012',8.0,'93KK1V3','3','White','Medium',58.99199999999999733,'2022-10-31 14:36:49',4);
INSERT INTO products VALUES(364,12696,'cenfe','873249442981',84.0,'K93VKXS','1','Black','Large',89.254000000000004886,'2022-10-31 14:36:49',3);
INSERT INTO products VALUES(365,37098,'gacacoga','899073874315',40.0,'3V9JVX3','2','Red','Medium',28.75,'2022-10-31 14:36:49',1);
INSERT INTO products VALUES(366,28614,'bucasehabo','204448445906',29.0,'2V2K2KX','2','Green','Medium',26.368999999999999772,'2022-10-31 14:36:49',4);
INSERT INTO products VALUES(367,71749,'cenca','606406103137',67.0,'1JJ20KV','2','Brown','Large',97.373999999999995228,'2022-10-31 14:36:49',5);
INSERT INTO products VALUES(368,67089,'secencobo','864777085673',48.0,'9V1SKX3','3','Blue','Large',24.989000000000000766,'2022-10-31 14:36:49',2);
INSERT INTO products VALUES(369,20218,'feco','388879794984',32.0,'K09123J','3','Grey','Medium',75.813999999999992949,'2022-10-31 14:36:49',2);
INSERT INTO products VALUES(370,21252,'tenbufe','547643485063',84.0,'932K33S','3','White','Small',43.901000000000003353,'2022-10-31 14:36:49',1);
INSERT INTO products VALUES(371,58704,'mebu','846704990307',23.0,'JVVV9JS','2','White','Medium',31.5,'2022-10-31 14:36:49',2);
INSERT INTO products VALUES(372,96026,'coletsefeel','919663692038',87.0,'99V0199','3','Yellow','Medium',66.68200000000000216,'2022-10-31 14:36:49',5);
INSERT INTO products VALUES(373,12250,'gatenbocoten','167845806336',96.0,'1K9K2KV','2','Black','Large',7.17900000000000027,'2022-10-31 14:36:49',2);
INSERT INTO products VALUES(374,32791,'botensopu','930824136338',69.0,'K3JK2V0','1','Black','Large',57.469999999999998863,'2022-10-31 14:36:49',5);
INSERT INTO products VALUES(375,60797,'casecochten','814026004454',60.0,'2920VVX','3','Grey','Small',18.810999999999999943,'2022-10-31 14:36:49',4);
INSERT INTO products VALUES(376,26320,'cacencaseco','888548746515',79.0,'SS13KK9','3','Blue','Small',16.69200000000000017,'2022-10-31 14:36:49',4);
INSERT INTO products VALUES(377,70703,'cocobuboha','496669542963',22.0,'X19S3XS','1','Yellow','Small',17.030999999999998806,'2022-10-31 14:36:49',3);
INSERT INTO products VALUES(378,79411,'feelmebu','163713702577',66.0,'21S2V91','1','Yellow','Small',21.557999999999999829,'2022-10-31 14:36:49',2);
INSERT INTO products VALUES(379,75603,'tenpuletsobu','367192668907',40.0,'1X90011','2','White','Large',22.300000000000000711,'2022-10-31 14:36:49',2);
INSERT INTO products VALUES(380,24197,'megacococh','275469876405',24.0,'3092J3S','1','Yellow','Small',84.846000000000003637,'2022-10-31 14:36:49',1);
INSERT INTO products VALUES(381,70378,'haso','755714418742',62.0,'JS90900','1','Grey','Medium',27.28300000000000125,'2022-10-31 14:36:49',2);
INSERT INTO products VALUES(382,6621,'sefebuboca','003968933262',17.0,'2XV1K0S','2','White','Medium',24.303999999999998493,'2022-10-31 14:36:49',1);
INSERT INTO products VALUES(383,59428,'pucaletcaga','288913080864',67.0,'JK9K22X','3','Black','Small',57.689999999999997727,'2022-10-31 14:36:49',1);
INSERT INTO products VALUES(384,6505,'bosobutenha','681011680609',69.0,'103JJ91','3','White','Medium',96.344999999999998861,'2022-10-31 14:36:49',2);
INSERT INTO products VALUES(385,58902,'bofemeten','989802514072',25.0,'20SV099','3','Grey','Small',35.62400000000000233,'2022-10-31 14:36:49',4);
INSERT INTO products VALUES(386,74766,'socobucafeel','709336513369',33.0,'JJ903V1','2','Brown','Small',47.223999999999996647,'2022-10-31 14:36:49',2);
INSERT INTO products VALUES(387,46737,'cobuchcen','615852467574',10.0,'XK1V92K','3','Red','Medium',93.93699999999999761,'2022-10-31 14:36:49',4);
INSERT INTO products VALUES(388,96364,'buhahamefe','411093701003',81.0,'1XVX9SS','1','Green','Medium',3.027000000000000135,'2022-10-31 14:36:49',4);
INSERT INTO products VALUES(389,68936,'cacenhafeel','302120782327',70.0,'01K3J03','3','Blue','Medium',70.447000000000002729,'2022-10-31 14:36:49',1);
INSERT INTO products VALUES(390,90525,'bohameten','622636481847',7.0,'109S1KK','3','Blue','Large',64.060000000000002274,'2022-10-31 14:36:49',5);
INSERT INTO products VALUES(391,81877,'cenhabu','282778127310',12.0,'KX121VK','1','White','Large',68.099999999999994313,'2022-10-31 14:36:49',1);
INSERT INTO products VALUES(392,10067,'tenga','311780857744',57.0,'3VVVJ2J','3','Red','Small',5.7350000000000003197,'2022-10-31 14:36:49',1);
INSERT INTO products VALUES(393,60296,'cengacabo','165352524564',65.0,'VS3100K','3','Red','Small',4.9240000000000003765,'2022-10-31 14:36:49',4);
INSERT INTO products VALUES(394,61470,'chgahaha','288868830492',30.0,'02JSVK3','1','Black','Small',44.133000000000002669,'2022-10-31 14:36:49',3);
INSERT INTO products VALUES(395,88102,'letten','950147610383',95.0,'1K2KK30','1','Red','Large',23.100000000000001421,'2022-10-31 14:36:49',1);
INSERT INTO products VALUES(396,71225,'pubucatenpu','421861471559',23.0,'22911KV','1','Brown','Medium',57.31700000000000017,'2022-10-31 14:36:49',5);
INSERT INTO products VALUES(397,70721,'bocenlet','624143143813',25.0,'2210V0V','1','Blue','Medium',85.453999999999993523,'2022-10-31 14:36:49',5);
INSERT INTO products VALUES(398,93812,'fefecocen','646128479987',43.0,'K130K9X','3','Blue','Small',29.042999999999999261,'2022-10-31 14:36:49',2);
INSERT INTO products VALUES(399,48886,'tencen','719517556451',20.0,'91K1KVJ','1','Red','Large',29.611000000000000653,'2022-10-31 14:36:49',4);
INSERT INTO products VALUES(400,50072,'meca','291064530571',41.0,'33SXK3X','2','Brown','Small',24.428000000000000824,'2022-10-31 14:36:49',5);
INSERT INTO products VALUES(401,72737,'cenfeelhamecen','614473971821',42.0,'SS0XKJ9','3','Brown','Small',57.130000000000002559,'2022-10-31 14:36:49',3);
INSERT INTO products VALUES(402,73664,'gachbo','276440441787',68.0,'390XVJ0','3','Black','Large',3.8380000000000000781,'2022-10-31 14:36:49',5);
INSERT INTO products VALUES(403,59186,'haletme','522382566387',89.0,'99S2923','3','Red','Small',38.939000000000000057,'2022-10-31 14:36:49',4);
INSERT INTO products VALUES(404,75046,'capu','023428334329',90.0,'VVX10K9','2','Red','Medium',9.3960000000000007958,'2022-10-31 14:36:49',4);
INSERT INTO products VALUES(405,47467,'memecense','413291281481',72.0,'SS1923S','1','Blue','Large',2.4449999999999998401,'2022-10-31 14:36:49',3);
INSERT INTO products VALUES(406,29049,'sech','330770527631',59.0,'VK939S2','2','Black','Medium',35.725999999999999089,'2022-10-31 14:36:49',2);
INSERT INTO products VALUES(407,24264,'feelhaco','902266915524',66.0,'99JV03S','3','White','Medium',19.112999999999999545,'2022-10-31 14:36:49',4);
INSERT INTO products VALUES(408,69644,'letcocofeelga','792738458164',90.0,'SJ9XXKK','3','Blue','Large',29.839999999999999857,'2022-10-31 14:36:49',2);
INSERT INTO products VALUES(409,19977,'tenbu','594092310452',98.0,'32KSX99','3','White','Small',17.771000000000000795,'2022-10-31 14:36:49',2);
INSERT INTO products VALUES(410,36051,'pufefeca','414847372995',54.0,'XV9V93S','2','Yellow','Small',13.153999999999999914,'2022-10-31 14:36:49',2);
INSERT INTO products VALUES(411,4722,'sochme','044906479544',14.0,'20S02JX','1','Green','Small',34.832000000000000738,'2022-10-31 14:36:49',1);
INSERT INTO products VALUES(412,78329,'gaseso','733489798773',39.0,'11XJ0KX','2','Blue','Large',55.96600000000000108,'2022-10-31 14:36:49',5);
INSERT INTO products VALUES(413,33695,'fecachfe','880641245452',90.0,'VKK0S02','2','Grey','Medium',1.9359999999999999431,'2022-10-31 14:36:49',3);
INSERT INTO products VALUES(414,47616,'bocatenga','733671627995',75.0,'99K3KJX','2','Green','Large',8.3339999999999996305,'2022-10-31 14:36:49',4);
INSERT INTO products VALUES(415,72577,'feelgaha','609985518944',63.0,'3S9X9J9','2','Blue','Medium',4.7430000000000003268,'2022-10-31 14:36:49',3);
INSERT INTO products VALUES(416,77298,'chmecase','499090296312',54.0,'000V29K','2','White','Small',83.718000000000003524,'2022-10-31 14:36:49',4);
INSERT INTO products VALUES(417,23375,'gagahaga','501762915476',54.0,'J999J30','2','Red','Small',97.924999999999997159,'2022-10-31 14:36:49',4);
INSERT INTO products VALUES(418,84584,'chfeelpuca','397264180035',40.0,'2J93S19','3','Black','Small',95.759000000000000342,'2022-10-31 14:36:49',2);
INSERT INTO products VALUES(419,90459,'mecen','166054996165',31.0,'3SXXSVJ','1','Red','Medium',4.9900000000000002131,'2022-10-31 14:36:49',5);
INSERT INTO products VALUES(420,71090,'sochten','495379477095',67.0,'33X2K02','1','Blue','Medium',49.64399999999999835,'2022-10-31 14:36:49',2);
INSERT INTO products VALUES(421,23091,'chcaca','890672487313',11.0,'32JJSXS','1','White','Large',51.353000000000001536,'2022-10-31 14:36:49',2);
INSERT INTO products VALUES(422,20546,'coten','363006400140',42.0,'VJSXVKJ','2','Green','Large',87.239999999999994885,'2022-10-31 14:36:49',5);
INSERT INTO products VALUES(423,65074,'sometengaca','668431075827',22.0,'93V0009','2','Brown','Large',23.620999999999998664,'2022-10-31 14:36:49',4);
INSERT INTO products VALUES(424,7190,'letcopufebu','884555278142',44.0,'SX0VV9J','1','Grey','Large',75.00499999999999545,'2022-10-31 14:36:49',1);
INSERT INTO products VALUES(425,79647,'chseboten','872158403243',65.0,'SJV31K9','1','Green','Small',22.210000000000000852,'2022-10-31 14:36:49',2);
INSERT INTO products VALUES(426,6744,'meseletca','303463129069',16.0,'J9K01SX','1','White','Large',57.408999999999998919,'2022-10-31 14:36:49',1);
INSERT INTO products VALUES(427,42126,'letfeelfeel','685914554072',54.0,'VVSK222','1','Brown','Medium',8.8420000000000005258,'2022-10-31 14:36:49',3);
INSERT INTO products VALUES(428,3649,'tensepu','001339309672',6.0,'KXJXVX0','3','Green','Large',89.001000000000004778,'2022-10-31 14:36:49',3);
INSERT INTO products VALUES(429,60288,'gafelet','188507750195',53.0,'K2X92S9','2','Brown','Medium',6.3730000000000002202,'2022-10-31 14:36:49',2);
INSERT INTO products VALUES(430,17969,'meletcalet','326144092009',98.0,'19K9K3K','2','Blue','Large',28.469000000000001192,'2022-10-31 14:36:49',2);
INSERT INTO products VALUES(431,19945,'soco','405441175468',75.0,'K9K99SJ','1','Green','Medium',14.7629999999999999,'2022-10-31 14:36:49',5);
INSERT INTO products VALUES(432,10718,'feelfemeca','833578880865',51.0,'JJ31JJ9','2','Yellow','Medium',12.207000000000000738,'2022-10-31 14:36:49',3);
INSERT INTO products VALUES(433,59507,'cocaha','830261956608',21.0,'3S1K122','1','Green','Large',8.9960000000000004405,'2022-10-31 14:36:49',4);
INSERT INTO products VALUES(434,86488,'semegacaca','546271078512',39.0,'912S130','3','Grey','Medium',41.762000000000000453,'2022-10-31 14:36:49',2);
INSERT INTO products VALUES(435,70829,'tensoboso','827218818674',6.0,'1VSS9X3','1','Black','Small',95.945999999999997953,'2022-10-31 14:36:49',1);
INSERT INTO products VALUES(436,84432,'cobo','088315007417',90.0,'XJJ3K93','2','Red','Medium',56.607999999999996988,'2022-10-31 14:36:49',3);
INSERT INTO products VALUES(437,93004,'gacachcaga','454772983353',50.0,'X91KV20','2','Yellow','Small',71.840000000000003412,'2022-10-31 14:36:49',3);
INSERT INTO products VALUES(438,28670,'puhabofe','903022289071',69.0,'SKS1J0V','3','Grey','Small',36.359000000000001762,'2022-10-31 14:36:49',5);
INSERT INTO products VALUES(439,7887,'tenca','602296128775',78.0,'V09X293','1','White','Large',98.903000000000005796,'2022-10-31 14:36:49',1);
INSERT INTO products VALUES(440,99508,'cobusopu','304515223663',94.0,'9VVV92X','2','Green','Medium',99.468000000000003522,'2022-10-31 14:36:49',1);
INSERT INTO products VALUES(441,11984,'sobuchbo','514306593964',10.0,'0K1KK01','2','Green','Medium',38.598999999999996646,'2022-10-31 14:36:49',1);
INSERT INTO products VALUES(442,82409,'caca','085065397211',6.0,'JJX2293','1','Blue','Medium',27.798999999999999487,'2022-10-31 14:36:49',2);
INSERT INTO products VALUES(443,44137,'cacafefeel','264648025382',7.0,'VS09V21','3','Black','Small',23.018000000000000682,'2022-10-31 14:36:49',1);
INSERT INTO products VALUES(444,99488,'mecacaboca','528490676542',72.0,'29XK02J','3','Grey','Small',23.92500000000000071,'2022-10-31 14:36:49',2);
INSERT INTO products VALUES(445,22976,'letbolet','359655299302',66.0,'33XK1K2','3','Grey','Medium',50.00900000000000034,'2022-10-31 14:36:49',4);
INSERT INTO products VALUES(446,49603,'hase','181565555449',17.0,'KJKXS23','1','Brown','Small',10.548000000000000043,'2022-10-31 14:36:49',5);
INSERT INTO products VALUES(447,10850,'bufeellet','759483045400',17.0,'9KVSVV2','1','Yellow','Medium',44.679999999999999715,'2022-10-31 14:36:49',1);
INSERT INTO products VALUES(448,2680,'secabuletbu','458800967933',35.0,'3312229','2','Grey','Large',46.68200000000000216,'2022-10-31 14:36:49',2);
INSERT INTO products VALUES(449,11546,'tenchgacoso','346713521948',36.0,'SS3JXS9','1','Red','Medium',98.381000000000000229,'2022-10-31 14:36:49',1);
INSERT INTO products VALUES(450,73013,'hasosogame','552151016695',37.0,'2JK3XX0','3','Red','Small',61.351999999999996759,'2022-10-31 14:36:49',3);
INSERT INTO products VALUES(451,60982,'tengaca','113945210669',21.0,'3JS19SS','1','Green','Medium',41.393000000000000682,'2022-10-31 14:36:49',1);
INSERT INTO products VALUES(452,86174,'feelbusefeelch','664770495488',36.0,'J021V1S','1','Brown','Small',83.793000000000006366,'2022-10-31 14:36:49',5);
INSERT INTO products VALUES(453,94580,'bucocenpuse','927489394303',5.0,'V10SXKK','3','Yellow','Large',45.034999999999996587,'2022-10-31 14:36:49',4);
INSERT INTO products VALUES(454,11082,'cenfepucafeel','652422606218',67.0,'2JJ3299','3','Black','Large',20.292999999999999261,'2022-10-31 14:36:49',2);
INSERT INTO products VALUES(455,62475,'buseboha','628091150350',13.0,'KSJSKK1','1','Brown','Large',92.135999999999995679,'2022-10-31 14:36:49',1);
INSERT INTO products VALUES(456,23984,'tencamegaha','663654778526',95.0,'K03J01K','3','Brown','Small',30.826000000000000512,'2022-10-31 14:36:49',5);
INSERT INTO products VALUES(457,65357,'letcaha','704639238726',71.0,'93S3X30','1','White','Medium',60.981999999999999318,'2022-10-31 14:36:49',2);
INSERT INTO products VALUES(458,58454,'segahasoca','201261594892',42.0,'X0V292X','3','Black','Medium',56.000999999999997668,'2022-10-31 14:36:49',2);
INSERT INTO products VALUES(459,9594,'tench','255414159056',40.0,'SSJ00XS','1','Green','Medium',48.423000000000001818,'2022-10-31 14:36:49',5);
INSERT INTO products VALUES(460,63575,'case','211208830500',6.0,'KXSK201','1','Blue','Small',36.371999999999999886,'2022-10-31 14:36:49',1);
INSERT INTO products VALUES(461,31424,'gaca','825974613570',89.0,'J32V9XK','1','Black','Large',99.691999999999993068,'2022-10-31 14:36:49',3);
INSERT INTO products VALUES(462,73864,'tenbutencoch','938403245078',20.0,'V1S0KJJ','2','Grey','Large',77.23499999999999943,'2022-10-31 14:36:49',1);
INSERT INTO products VALUES(463,89110,'buso','620236713832',16.0,'02K2J1S','1','Blue','Medium',83.62699999999999534,'2022-10-31 14:36:49',1);
INSERT INTO products VALUES(464,23528,'cenchletpu','448381053031',42.0,'10XX9JX','1','White','Medium',11.532000000000000028,'2022-10-31 14:36:49',3);
INSERT INTO products VALUES(465,99231,'meletsechlet','233372953109',45.0,'X99JS9S','1','Grey','Medium',69.733999999999994657,'2022-10-31 14:36:49',3);
INSERT INTO products VALUES(466,80395,'gameca','242098288552',72.0,'JKKXK13','3','Green','Medium',76.152000000000001022,'2022-10-31 14:36:49',5);
INSERT INTO products VALUES(467,81590,'hacaca','930282356206',43.0,'00X303S','1','Yellow','Large',30.128000000000000114,'2022-10-31 14:36:49',5);
INSERT INTO products VALUES(468,94840,'chsoseletca','363860787720',40.0,'3K9KK30','3','Black','Medium',39.633000000000002671,'2022-10-31 14:36:49',2);
INSERT INTO products VALUES(469,26076,'chcentenfeelca','016332298071',96.0,'0VS39K3','1','Yellow','Medium',13.43800000000000061,'2022-10-31 14:36:49',4);
INSERT INTO products VALUES(470,94879,'cobu','547217575665',18.0,'93X2231','3','Brown','Small',40.774000000000000911,'2022-10-31 14:36:49',3);
INSERT INTO products VALUES(471,69747,'chha','034371574153',33.0,'291VX01','1','Red','Small',20.077999999999999402,'2022-10-31 14:36:49',4);
INSERT INTO products VALUES(472,4585,'boletbuha','657964003187',35.0,'129X90S','2','White','Large',77.240999999999999658,'2022-10-31 14:36:49',1);
INSERT INTO products VALUES(473,28812,'cenha','453160876011',26.0,'J99J919','2','White','Large',53.546999999999997043,'2022-10-31 14:36:49',4);
INSERT INTO products VALUES(474,19776,'feelpucocen','164198173570',85.0,'90V33K1','2','Yellow','Medium',33.628000000000000113,'2022-10-31 14:36:49',4);
INSERT INTO products VALUES(475,46708,'cacahaten','151837297411',11.0,'X1VJSK3','3','Yellow','Small',73.058999999999997498,'2022-10-31 14:36:49',1);
INSERT INTO products VALUES(476,9162,'bufeel','794105057978',36.0,'V2019JJ','1','Brown','Large',78.287999999999996702,'2022-10-31 14:36:49',3);
INSERT INTO products VALUES(477,24844,'camepuga','270157859153',12.0,'2V23300','1','Green','Large',80.138999999999995793,'2022-10-31 14:36:49',3);
INSERT INTO products VALUES(478,30748,'cacocasocen','586892863480',75.0,'XJ0J91K','3','Brown','Medium',63.645000000000003124,'2022-10-31 14:36:49',2);
INSERT INTO products VALUES(479,81953,'gameca','198211117750',34.0,'9KJ991S','1','Grey','Large',25.240999999999999658,'2022-10-31 14:36:49',2);
INSERT INTO products VALUES(480,68471,'socenfech','118663045904',59.0,'3VVX92V','3','Brown','Medium',54.198999999999998068,'2022-10-31 14:36:49',3);
INSERT INTO products VALUES(481,27916,'pufeel','519618038883',62.0,'K0J10J3','3','Red','Small',57.64999999999999858,'2022-10-31 14:36:49',4);
INSERT INTO products VALUES(482,25221,'mefeletchha','163358860620',98.0,'SXKS02X','2','Blue','Medium',49.261000000000002784,'2022-10-31 14:36:49',2);
INSERT INTO products VALUES(483,27630,'halet','025722933942',65.0,'X392VXX','3','Grey','Large',68.144999999999996019,'2022-10-31 14:36:49',5);
INSERT INTO products VALUES(484,87839,'cenbuso','698970089991',88.0,'11SV0X2','3','Black','Large',86.390000000000000566,'2022-10-31 14:36:49',2);
INSERT INTO products VALUES(485,93433,'fecabofebo','480859732454',53.0,'X9K9KJV','2','Brown','Small',93.542000000000001588,'2022-10-31 14:36:49',1);
INSERT INTO products VALUES(486,72542,'mechcen','800861305535',10.0,'93VJ010','3','Grey','Small',11.595000000000000639,'2022-10-31 14:36:49',1);
INSERT INTO products VALUES(487,40597,'pucasosech','833519561852',100.0,'SX932KJ','3','Red','Large',72.810000000000002274,'2022-10-31 14:36:49',2);
INSERT INTO products VALUES(488,69466,'sofeellet','236909814570',61.0,'3190099','1','Black','Medium',85.105999999999994544,'2022-10-31 14:36:49',4);
INSERT INTO products VALUES(489,15909,'cenco','937036860619',90.0,'0SK3JVV','2','Grey','Medium',64.420000000000001705,'2022-10-31 14:36:49',4);
INSERT INTO products VALUES(490,15290,'mefeel','022030867742',18.0,'1XJX2SV','3','Black','Medium',25.967999999999999971,'2022-10-31 14:36:49',3);
INSERT INTO products VALUES(491,78004,'bohaha','262955198619',12.0,'KS11910','3','Brown','Medium',59.726999999999996759,'2022-10-31 14:36:49',1);
INSERT INTO products VALUES(492,64729,'sofeelsoso','964675275033',17.0,'1V0V9XX','3','Yellow','Medium',98.706000000000003067,'2022-10-31 14:36:49',3);
INSERT INTO products VALUES(493,35632,'coha','386336597543',39.0,'XVVKKJ1','3','Blue','Medium',13.090999999999999303,'2022-10-31 14:36:49',5);
INSERT INTO products VALUES(494,30259,'gach','234781589569',97.0,'JV10J33','3','Red','Large',57.372999999999997554,'2022-10-31 14:36:49',3);
INSERT INTO products VALUES(495,11483,'cohahacenca','886988559107',43.0,'99SV39J','2','Black','Large',86.331999999999993631,'2022-10-31 14:36:49',4);
INSERT INTO products VALUES(496,67523,'mefeel','867579449069',81.0,'2KK0KV0','1','Green','Medium',74.953000000000002955,'2022-10-31 14:36:49',2);
INSERT INTO products VALUES(497,60641,'tensoso','449574456713',23.0,'VJJ321K','2','Red','Small',94.296999999999997045,'2022-10-31 14:36:49',5);
INSERT INTO products VALUES(498,47838,'caga','013514997429',42.0,'11J13JK','2','Green','Small',24.146000000000000795,'2022-10-31 14:36:49',1);
INSERT INTO products VALUES(499,85227,'cahach','318933240622',27.0,'2JXSV20','1','Green','Medium',8.2940000000000004831,'2022-10-31 14:36:49',4);
INSERT INTO products VALUES(500,73325,'hamehacaten','081347856516',25.0,'V2VXXVV','1','Green','Medium',96.129000000000004886,'2022-10-31 14:36:49',5);
INSERT INTO products VALUES(501,30324,'metencabubu','387892712694',5.0,'33J3S1V','1','Yellow','Medium',87.638000000000005227,'2022-10-31 14:36:49',1);
INSERT INTO products VALUES(502,80225,'sese','270580804488',39.0,'XKXXJ2V','2','Black','Small',16.70899999999999963,'2022-10-31 14:36:49',1);
INSERT INTO products VALUES(503,11994,'coseso','618117868159',25.0,'10KJJ00','2','Green','Medium',26.451000000000000512,'2022-10-31 14:36:49',4);
INSERT INTO products VALUES(504,67804,'chcen','618488823124',28.0,'02SVK32','3','Yellow','Medium',98.111000000000004204,'2022-10-31 14:36:49',5);
INSERT INTO products VALUES(505,37628,'sofefeeltenso','801565590554',95.0,'03VK011','2','Green','Small',43.460999999999998522,'2022-10-31 14:36:49',4);
INSERT INTO products VALUES(506,57784,'hasomemeha','970743180424',12.0,'VSV2VS9','2','Green','Small',66.156999999999996477,'2022-10-31 14:36:49',5);
INSERT INTO products VALUES(507,74173,'cenme','452041463341',20.0,'X002KSK','1','Yellow','Medium',36.088000000000000967,'2022-10-31 14:36:49',4);
INSERT INTO products VALUES(508,63594,'socen','904286669191',81.0,'0K3V33V','1','Brown','Small',87.683999999999997498,'2022-10-31 14:36:49',5);
INSERT INTO products VALUES(509,92406,'puch','773300974171',11.0,'K299X39','1','Brown','Medium',67.293000000000006365,'2022-10-31 14:36:49',4);
INSERT INTO products VALUES(510,28827,'mefegagach','458909383383',59.0,'V0SS19J','2','White','Medium',58.469000000000001192,'2022-10-31 14:36:49',5);
INSERT INTO products VALUES(511,91839,'feelletchbuso','826178700762',72.0,'VSXVJS9','2','Grey','Medium',15.980000000000000425,'2022-10-31 14:36:49',5);
INSERT INTO products VALUES(512,98796,'hachmebuga','606804113794',42.0,'1XVV101','3','Brown','Medium',88.626000000000004774,'2022-10-31 14:36:49',5);
INSERT INTO products VALUES(513,22654,'bofeelse','900922203026',68.0,'2J03J1K','1','Green','Small',38.30299999999999727,'2022-10-31 14:36:49',3);
INSERT INTO products VALUES(514,76988,'fecogaga','492826864608',34.0,'X29X90V','3','Black','Medium',96.634000000000000339,'2022-10-31 14:36:49',3);
INSERT INTO products VALUES(515,71803,'habochbuch','626053402389',56.0,'VXK2JX2','3','White','Large',84.049000000000006595,'2022-10-31 14:36:49',4);
INSERT INTO products VALUES(516,46732,'letboga','107654445758',46.0,'90JXS22','3','White','Small',9.4489999999999998436,'2022-10-31 14:36:49',4);
INSERT INTO products VALUES(517,71788,'chchfe','382821247320',98.0,'S30XVVK','3','Red','Large',93.814999999999997724,'2022-10-31 14:36:49',5);
INSERT INTO products VALUES(518,96242,'mecasecoco','933398250201',33.0,'9X01223','2','Red','Small',74.950999999999993405,'2022-10-31 14:36:49',2);
INSERT INTO products VALUES(519,42290,'cenhafeel','990694425243',36.0,'VXS0KX2','3','Yellow','Large',47.911000000000001364,'2022-10-31 14:36:49',5);
INSERT INTO products VALUES(520,31846,'hapuhacacen','973024582265',43.0,'1030XVV','1','White','Small',5.0730000000000003979,'2022-10-31 14:36:49',5);
INSERT INTO products VALUES(521,64673,'cacofebopu','323747558416',48.0,'0K3SVVJ','1','Red','Large',41.712000000000003297,'2022-10-31 14:36:49',3);
INSERT INTO products VALUES(522,75518,'casesecen','581438820057',17.0,'VX2K29X','3','White','Large',97.465999999999993978,'2022-10-31 14:36:49',3);
INSERT INTO products VALUES(523,47373,'cafecaco','167080839016',16.0,'KVX0111','2','Brown','Medium',68.896000000000000794,'2022-10-31 14:36:49',2);
INSERT INTO products VALUES(524,32599,'bucahachfeel','031487512367',5.0,'XJKS99X','2','White','Large',98.67100000000000648,'2022-10-31 14:36:49',1);
INSERT INTO products VALUES(525,24510,'soletse','787410911687',30.0,'91V1KV0','1','Black','Medium',82.460999999999998518,'2022-10-31 14:36:49',3);
INSERT INTO products VALUES(526,17360,'gacen','682743609359',86.0,'0SSKVK9','2','Yellow','Medium',96.132000000000004998,'2022-10-31 14:36:49',1);
INSERT INTO products VALUES(527,28424,'bupupufese','531107010432',14.0,'JVJX010','2','Grey','Large',38.219000000000001193,'2022-10-31 14:36:49',1);
INSERT INTO products VALUES(528,6914,'haha','956084615474',98.0,'SX20J09','1','Black','Large',82.489000000000004316,'2022-10-31 14:36:49',1);
INSERT INTO products VALUES(529,2771,'cenpusome','427531104040',98.0,'SKVV3J9','1','Black','Small',78.46299999999999386,'2022-10-31 14:36:49',3);
INSERT INTO products VALUES(530,78727,'putenletme','612986241623',42.0,'9199XK9','1','Brown','Large',94.823999999999998063,'2022-10-31 14:36:49',1);
INSERT INTO products VALUES(531,98523,'mefeelsechfeel','553616944111',44.0,'19293K2','1','Black','Small',66.847999999999998975,'2022-10-31 14:36:49',3);
INSERT INTO products VALUES(532,9514,'cafefeel','286967855138',82.0,'21K3SX2','3','Black','Large',11.605999999999999872,'2022-10-31 14:36:49',1);
INSERT INTO products VALUES(533,74498,'feelfesoch','302809267600',39.0,'030K111','3','Green','Small',44.664000000000001477,'2022-10-31 14:36:49',2);
INSERT INTO products VALUES(534,64935,'caca','027993931591',32.0,'JXKX9J3','3','Yellow','Large',18.353999999999999204,'2022-10-31 14:36:49',4);
INSERT INTO products VALUES(535,52580,'cochcen','990423465561',83.0,'2S99SSV','3','Black','Large',81.513000000000005226,'2022-10-31 14:36:49',5);
INSERT INTO products VALUES(536,26177,'chca','311455503320',100.0,'90VXJ9V','1','White','Small',16.225000000000001421,'2022-10-31 14:36:49',3);
INSERT INTO products VALUES(537,88136,'chmegaten','465501262868',25.0,'329KVS1','1','Black','Large',44.881999999999997895,'2022-10-31 14:36:49',3);
INSERT INTO products VALUES(538,1480,'comecamefe','626084303691',56.0,'19XJ119','1','Red','Small',84.227000000000003861,'2022-10-31 14:36:49',5);
INSERT INTO products VALUES(539,61681,'cacohaca','502666949930',34.0,'0J90K02','1','Brown','Medium',71.959000000000003182,'2022-10-31 14:36:49',2);
INSERT INTO products VALUES(540,36979,'cabume','018400481127',20.0,'V31KS3S','1','White','Small',1.3060000000000000497,'2022-10-31 14:36:49',3);
INSERT INTO products VALUES(541,89107,'puletpubu','181524129582',95.0,'1KK319J','3','Black','Large',95.933999999999997497,'2022-10-31 14:36:49',3);
INSERT INTO products VALUES(542,30490,'fehagaca','240266631101',25.0,'390K3VJ','1','Blue','Medium',90.995999999999995109,'2022-10-31 14:36:49',1);
INSERT INTO products VALUES(543,71536,'tenfe','327599816255',64.0,'9K31VXV','1','Grey','Large',80.861999999999994766,'2022-10-31 14:36:49',4);
INSERT INTO products VALUES(544,18053,'semegafeelca','993898550994',29.0,'X9JSXVS','3','Brown','Medium',31.850000000000001421,'2022-10-31 14:36:49',3);
INSERT INTO products VALUES(545,87823,'mefecapu','741399576528',8.0,'J12JVSJ','3','Red','Small',6.2930000000000001492,'2022-10-31 14:36:49',1);
INSERT INTO products VALUES(546,33795,'cotenfechso','923221520508',6.0,'KKJ9JSK','2','Black','Medium',37.646999999999998464,'2022-10-31 14:36:49',2);
INSERT INTO products VALUES(547,56536,'busocasofe','759628272224',18.0,'KVK3XK2','2','Blue','Large',38.799999999999997157,'2022-10-31 14:36:49',5);
INSERT INTO products VALUES(548,18375,'femecacencen','730110168933',33.0,'232V203','2','Grey','Medium',6.7580000000000000071,'2022-10-31 14:36:49',3);
INSERT INTO products VALUES(549,6311,'gasoletsecen','960827019070',43.0,'0J2X1S2','2','Blue','Medium',68.040999999999996817,'2022-10-31 14:36:49',4);
INSERT INTO products VALUES(550,46197,'feelcasome','993164201204',59.0,'20X13S2','2','Blue','Large',33.520000000000003126,'2022-10-31 14:36:49',4);
INSERT INTO products VALUES(551,52871,'tense','147343842042',47.0,'SX93JJS','3','Black','Large',65.924999999999997156,'2022-10-31 14:36:49',3);
INSERT INTO products VALUES(552,2718,'gafeeltenca','060262677596',88.0,'J29KV0J','3','Grey','Large',26.364000000000000767,'2022-10-31 14:36:49',5);
INSERT INTO products VALUES(553,43617,'feelletcacapu','081664869282',29.0,'2JJJ30K','1','Blue','Medium',72.168999999999996928,'2022-10-31 14:36:49',4);
INSERT INTO products VALUES(554,41331,'puchlet','851829376043',49.0,'93J1VSS','2','Yellow','Medium',15.128000000000000113,'2022-10-31 14:36:49',4);
INSERT INTO products VALUES(555,26344,'buse','695123629711',58.0,'1KJV1JJ','1','Black','Medium',31.96600000000000108,'2022-10-31 14:36:49',1);
INSERT INTO products VALUES(556,97062,'botensopu','477758719788',5.0,'1J119VJ','1','Red','Medium',15.414999999999999147,'2022-10-31 14:36:49',3);
INSERT INTO products VALUES(557,92514,'capufeelcen','496543975521',48.0,'XX009X2','3','Red','Medium',95.197999999999993294,'2022-10-31 14:36:49',4);
INSERT INTO products VALUES(558,33567,'comeletfeel','763551921122',24.0,'0S1S19K','1','Grey','Large',49.804000000000002044,'2022-10-31 14:36:49',1);
INSERT INTO products VALUES(559,19242,'gamelet','853521125287',67.0,'V29S103','1','Green','Small',65.987999999999999546,'2022-10-31 14:36:49',3);
INSERT INTO products VALUES(560,11630,'cenbumebu','697050676273',74.0,'K1J2933','3','Red','Medium',69.81399999999999295,'2022-10-31 14:36:49',4);
INSERT INTO products VALUES(561,88779,'cabu','566189809732',87.0,'1JK32X2','3','Red','Large',37.09100000000000108,'2022-10-31 14:36:49',2);
INSERT INTO products VALUES(562,2060,'fecobopuse','647152558424',86.0,'K1SSV2X','2','Green','Large',5.4480000000000003979,'2022-10-31 14:36:49',3);
INSERT INTO products VALUES(563,69842,'habochfeel','579143151493',37.0,'9X030SS','3','Brown','Large',80.278000000000005794,'2022-10-31 14:36:49',2);
INSERT INTO products VALUES(564,62061,'game','986037140384',11.0,'XSX121V','2','Grey','Medium',79.542000000000001591,'2022-10-31 14:36:49',1);
INSERT INTO products VALUES(565,60899,'hapusolet','211638358268',35.0,'VK3X1JJ','2','Brown','Large',51.049999999999997159,'2022-10-31 14:36:49',5);
INSERT INTO products VALUES(566,25306,'mecocame','501556890581',81.0,'109J9JK','3','Grey','Large',69.959000000000003184,'2022-10-31 14:36:49',1);
INSERT INTO products VALUES(567,44713,'cofecacopu','197602032906',86.0,'9K29JK9','3','Yellow','Small',72.831000000000003071,'2022-10-31 14:36:49',3);
INSERT INTO products VALUES(568,51038,'cacaso','108652633001',78.0,'0SX9J10','1','Brown','Large',38.439000000000000055,'2022-10-31 14:36:49',5);
INSERT INTO products VALUES(569,14986,'meso','606733558956',46.0,'SXK99X2','1','Brown','Large',5.7000000000000001776,'2022-10-31 14:36:49',4);
INSERT INTO products VALUES(570,5783,'catenpu','849478584104',8.0,'9S0KX0S','3','White','Small',55.374000000000002329,'2022-10-31 14:36:49',1);
INSERT INTO products VALUES(571,41568,'pupu','633164268805',84.0,'333333X','1','Blue','Large',10.595000000000000639,'2022-10-31 14:36:49',5);
INSERT INTO products VALUES(572,57614,'letme','336299086078',32.0,'3X993JK','1','Brown','Large',35.695999999999997952,'2022-10-31 14:36:49',4);
INSERT INTO products VALUES(573,45099,'sesebutenca','726849015321',33.0,'XK102JJ','3','Yellow','Large',97.540000000000006254,'2022-10-31 14:36:49',2);
INSERT INTO products VALUES(574,35939,'camecagach','452399045119',13.0,'JXJVS19','2','Brown','Small',34.743000000000002103,'2022-10-31 14:36:49',2);
INSERT INTO products VALUES(575,1039,'comeboga','051439460702',76.0,'9KX293X','3','Yellow','Large',34.118999999999999773,'2022-10-31 14:36:49',5);
INSERT INTO products VALUES(576,56976,'butenme','160690447928',95.0,'KVKV32X','3','Yellow','Small',55.832000000000000738,'2022-10-31 14:36:49',4);
INSERT INTO products VALUES(577,71082,'catenfeel','160969424278',91.0,'2KXSJX3','2','Brown','Medium',27.292000000000001592,'2022-10-31 14:36:49',2);
INSERT INTO products VALUES(578,4018,'gatenbu','807510525005',24.0,'29VVX91','3','Brown','Large',9.9280000000000008242,'2022-10-31 14:36:49',4);
INSERT INTO products VALUES(579,37120,'sohafe','168275442641',84.0,'13V3201','2','Red','Large',68.340999999999993974,'2022-10-31 14:36:49',5);
INSERT INTO products VALUES(580,8815,'puputen','953628560098',36.0,'2J39S2X','2','Black','Small',93.828999999999993519,'2022-10-31 14:36:49',1);
INSERT INTO products VALUES(581,11728,'letbobuten','344481256596',13.0,'KKJ0302','3','Blue','Medium',98.492000000000004432,'2022-10-31 14:36:49',4);
INSERT INTO products VALUES(582,82989,'fecocengaso','991004974484',33.0,'02KKVV0','1','Brown','Large',82.584000000000003186,'2022-10-31 14:36:49',2);
INSERT INTO products VALUES(583,29256,'cafeelcagafeel','954372380441',79.0,'2JV1239','1','Blue','Large',28.847000000000001308,'2022-10-31 14:36:49',5);
INSERT INTO products VALUES(584,28764,'cencencensobo','828151711269',59.0,'V1JVXXS','2','Blue','Large',26.202999999999999404,'2022-10-31 14:36:49',5);
INSERT INTO products VALUES(585,16979,'cenca','453755252113',88.0,'201199X','1','Grey','Small',9.2460000000000004405,'2022-10-31 14:36:49',1);
INSERT INTO products VALUES(586,16618,'bococabo','859479020322',71.0,'0329X9K','2','Black','Small',77.102999999999994431,'2022-10-31 14:36:49',4);
INSERT INTO products VALUES(587,77238,'tenbulet','541946293419',6.0,'39X3J0S','2','Green','Small',14.003999999999999559,'2022-10-31 14:36:49',2);
INSERT INTO products VALUES(588,38805,'soca','826286182181',38.0,'9VVVX3X','3','Brown','Medium',45.322000000000002726,'2022-10-31 14:36:49',4);
INSERT INTO products VALUES(589,3664,'tenseten','915385472739',69.0,'9K0VVJ3','2','Red','Large',95.462000000000003293,'2022-10-31 14:36:49',4);
INSERT INTO products VALUES(590,63043,'cabosegach','098543291253',29.0,'V0VX9JK','1','Green','Large',22.292999999999999261,'2022-10-31 14:36:49',1);
INSERT INTO products VALUES(591,27280,'sefecoboca','772224462843',46.0,'0VS2K2V','2','Yellow','Large',84.62900000000000489,'2022-10-31 14:36:49',4);
INSERT INTO products VALUES(592,82104,'pupumechse','152440348615',96.0,'22S029K','1','Grey','Medium',78.692999999999997838,'2022-10-31 14:36:49',4);
INSERT INTO products VALUES(593,21645,'hagaletpuco','984731144363',92.0,'93XKSS2','3','Red','Large',88.45799999999999841,'2022-10-31 14:36:49',5);
INSERT INTO products VALUES(594,91581,'feelfetenfe','822714297522',10.0,'3V210K0','1','White','Small',64.668999999999996928,'2022-10-31 14:36:49',1);
INSERT INTO products VALUES(595,21806,'cacagabuten','020970456180',58.0,'191J3SK','3','Red','Small',89.802000000000006705,'2022-10-31 14:36:49',2);
INSERT INTO products VALUES(596,70986,'chbuletsoca','659073156537',17.0,'223V3J3','3','Green','Large',96.56999999999999318,'2022-10-31 14:36:49',1);
INSERT INTO products VALUES(597,27022,'puco','292394984880',58.0,'J0V3291','3','Red','Medium',87.887000000000000451,'2022-10-31 14:36:49',1);
INSERT INTO products VALUES(598,69129,'bocenbo','231854972911',89.0,'130S202','3','Brown','Small',68.966999999999998747,'2022-10-31 14:36:49',1);
INSERT INTO products VALUES(599,8449,'pucachpuso','891291340571',61.0,'3VJ103K','3','Yellow','Small',77.83799999999999386,'2022-10-31 14:36:49',4);
INSERT INTO products VALUES(600,84613,'cahacencen','902404021977',88.0,'01JXVSV','2','White','Small',91.637000000000000451,'2022-10-31 14:36:49',1);
INSERT INTO products VALUES(601,76986,'letbochca','998679476366',30.0,'S3S1VKS','3','Black','Small',28.963000000000000966,'2022-10-31 14:36:49',5);
INSERT INTO products VALUES(602,24981,'coca','770917444874',69.0,'S101X1S','1','Green','Large',47.305999999999997383,'2022-10-31 14:36:49',1);
INSERT INTO products VALUES(603,63095,'tenletpu','777823079832',41.0,'0SJVJ13','1','Black','Large',18.592999999999999971,'2022-10-31 14:36:49',3);
INSERT INTO products VALUES(604,56460,'boga','156415308654',93.0,'S0X132X','2','Red','Small',61.24900000000000233,'2022-10-31 14:36:49',3);
INSERT INTO products VALUES(605,89610,'mehaha','158670821787',74.0,'93020SJ','2','Green','Medium',76.301000000000001933,'2022-10-31 14:36:49',5);
INSERT INTO products VALUES(606,14987,'putenbu','956482490361',59.0,'230XX93','3','Grey','Medium',7.6589999999999998081,'2022-10-31 14:36:49',1);
INSERT INTO products VALUES(607,2258,'hapu','414916559194',14.0,'XVK3S99','2','Brown','Small',42.732999999999996985,'2022-10-31 14:36:49',2);
INSERT INTO products VALUES(608,25965,'letcocatenfe','427497075519',25.0,'39X3K1K','3','Red','Large',55.798000000000001819,'2022-10-31 14:36:49',2);
INSERT INTO products VALUES(609,52764,'letme','530957899985',59.0,'S03X020','3','Green','Small',37.03499999999999659,'2022-10-31 14:36:49',1);
INSERT INTO products VALUES(610,43638,'cacach','687525813354',42.0,'SJ9993K','2','Blue','Medium',51.021999999999998465,'2022-10-31 14:36:49',4);
INSERT INTO products VALUES(611,86096,'caten','244391790770',19.0,'9KKK3V0','1','Brown','Large',87.108000000000004089,'2022-10-31 14:36:49',5);
INSERT INTO products VALUES(612,60464,'capugaso','615184468133',51.0,'003J03V','1','Brown','Large',67.918999999999996931,'2022-10-31 14:36:49',3);
INSERT INTO products VALUES(613,76852,'cocensega','339608394857',44.0,'1KV9K20','1','Grey','Small',2.5539999999999998259,'2022-10-31 14:36:49',3);
INSERT INTO products VALUES(614,4930,'cahatenfecen','996881813888',14.0,'0KK3SJ2','2','Black','Large',47.213000000000000964,'2022-10-31 14:36:49',3);
INSERT INTO products VALUES(615,36590,'cobu','799663000850',75.0,'9J30JJV','3','Grey','Large',9.313000000000000611,'2022-10-31 14:36:49',2);
INSERT INTO products VALUES(616,26649,'casocasofeel','309718242548',56.0,'SX20VJV','1','Grey','Large',27.384000000000000341,'2022-10-31 14:36:49',2);
INSERT INTO products VALUES(617,23953,'feelcomega','710455605578',33.0,'2XXSJ1K','1','Green','Medium',59.83500000000000085,'2022-10-31 14:36:49',5);
INSERT INTO products VALUES(618,68575,'feeltencaca','740478895198',77.0,'9221JJX','1','Red','Medium',7.6089999999999999857,'2022-10-31 14:36:49',2);
INSERT INTO products VALUES(619,18747,'cenhaga','455294622893',16.0,'XXJJKJ3','3','White','Small',59.256000000000000225,'2022-10-31 14:36:49',2);
INSERT INTO products VALUES(620,92475,'casochso','272725615375',88.0,'SKJ3931','1','Red','Medium',90.486000000000004206,'2022-10-31 14:36:50',4);
INSERT INTO products VALUES(621,26272,'cenpume','921443483004',10.0,'2KVK019','2','Brown','Medium',5.5919999999999996376,'2022-10-31 14:36:50',4);
INSERT INTO products VALUES(622,36116,'meten','634268143578',91.0,'K3012KK','2','Brown','Small',4.3280000000000002913,'2022-10-31 14:36:50',2);
INSERT INTO products VALUES(623,82944,'febu','636337681293',86.0,'K92J2V3','1','Grey','Large',33.917999999999999261,'2022-10-31 14:36:50',3);
INSERT INTO products VALUES(624,64263,'gagafeten','328186519648',28.0,'93XJJ0V','1','Green','Small',7.2789999999999999147,'2022-10-31 14:36:50',1);
INSERT INTO products VALUES(625,24527,'chlethapu','535545858605',10.0,'9S2S19S','1','Green','Medium',12.108000000000000539,'2022-10-31 14:36:50',5);
INSERT INTO products VALUES(626,2767,'tense','171179205312',9.0,'11VV91K','3','Red','Large',15.571999999999999175,'2022-10-31 14:36:50',4);
INSERT INTO products VALUES(627,26715,'cacoga','139974159220',94.0,'VS3V11S','2','Black','Large',74.674999999999997156,'2022-10-31 14:36:50',3);
INSERT INTO products VALUES(628,64277,'chchgalet','362134511915',71.0,'K1K1K3S','2','Black','Medium',58.054000000000002047,'2022-10-31 14:36:50',2);
INSERT INTO products VALUES(629,80024,'bumehatenca','011605375349',63.0,'09KXX2X','3','Red','Small',91.135000000000005119,'2022-10-31 14:36:50',2);
INSERT INTO products VALUES(630,3289,'catenha','756448201907',77.0,'XXXJ2J3','1','Black','Large',12.359999999999999431,'2022-10-31 14:36:50',2);
INSERT INTO products VALUES(631,75311,'mefeelbubu','463723904734',61.0,'K00300V','1','White','Large',44.816000000000002501,'2022-10-31 14:36:50',5);
INSERT INTO products VALUES(632,5616,'tensome','807916804141',27.0,'0190X19','3','Green','Medium',78.427000000000006707,'2022-10-31 14:36:50',1);
INSERT INTO products VALUES(633,57675,'boso','084169551290',69.0,'1S99XXV','3','Green','Large',97.917000000000001588,'2022-10-31 14:36:50',4);
INSERT INTO products VALUES(634,12445,'gasomebobo','253696277073',33.0,'12VSJ3J','1','Black','Small',47.979999999999996874,'2022-10-31 14:36:50',3);
INSERT INTO products VALUES(635,27772,'galetpu','625082288290',68.0,'91X1SV3','1','Yellow','Small',69.090999999999993972,'2022-10-31 14:36:50',5);
INSERT INTO products VALUES(636,39357,'cachcenfeelten','175047563463',87.0,'1KS0VXX','1','Green','Large',92.32299999999999329,'2022-10-31 14:36:50',4);
INSERT INTO products VALUES(637,84483,'tenten','355764699276',80.0,'K2KVKJV','1','Yellow','Large',52.009999999999998012,'2022-10-31 14:36:50',4);
INSERT INTO products VALUES(638,66390,'mesebo','981190942194',63.0,'3930321','1','Yellow','Large',33.098999999999996646,'2022-10-31 14:36:50',3);
INSERT INTO products VALUES(639,97899,'coca','231362559112',77.0,'13K11K0','2','Black','Large',64.034000000000006027,'2022-10-31 14:36:50',2);
INSERT INTO products VALUES(640,44606,'cotenchfeca','053009320424',68.0,'K2K91XX','2','Green','Large',80.590999999999993978,'2022-10-31 14:36:50',2);
INSERT INTO products VALUES(641,87288,'gachchchpu','541747235364',75.0,'S119S0V','2','White','Small',94.079999999999998298,'2022-10-31 14:36:50',5);
INSERT INTO products VALUES(642,99095,'feelbu','586818019547',78.0,'JSSXV1S','1','White','Small',15.301000000000000156,'2022-10-31 14:36:50',1);
INSERT INTO products VALUES(643,13606,'feelbupubu','791566697122',39.0,'1K911SJ','1','Brown','Medium',22.631000000000000226,'2022-10-31 14:36:50',2);
INSERT INTO products VALUES(644,56563,'tengachfe','739806328377',52.0,'JV00S0V','3','Yellow','Large',77.888999999999995794,'2022-10-31 14:36:50',4);
INSERT INTO products VALUES(645,55580,'chtentenletha','540916247207',51.0,'0KJ39KJ','3','Black','Large',43.359999999999999432,'2022-10-31 14:36:50',2);
INSERT INTO products VALUES(646,98322,'lettenpufeelga','458586300636',55.0,'SKVVVX2','1','White','Large',88.436999999999997609,'2022-10-31 14:36:50',2);
INSERT INTO products VALUES(647,23096,'chbochha','951287816022',68.0,'J0J2XJJ','3','Grey','Medium',73.057000000000002159,'2022-10-31 14:36:50',3);
INSERT INTO products VALUES(648,35351,'feelcagase','820504506271',26.0,'3VJ2SVX','1','Blue','Medium',78.48900000000000432,'2022-10-31 14:36:50',4);
INSERT INTO products VALUES(649,58011,'sofeco','918557765995',16.0,'XJ3J0SX','2','Green','Large',5.6029999999999997584,'2022-10-31 14:36:50',2);
INSERT INTO products VALUES(650,80598,'cosocacaca','199566291045',46.0,'9JXS3X3','1','Green','Medium',43.328000000000002956,'2022-10-31 14:36:50',5);
INSERT INTO products VALUES(651,49520,'gafeten','610925427384',58.0,'2223V1K','3','Brown','Large',61.054000000000002044,'2022-10-31 14:36:50',5);
INSERT INTO products VALUES(652,26328,'butenchbo','613763319582',10.0,'3JJX2S1','1','White','Medium',49.624000000000002331,'2022-10-31 14:36:50',4);
INSERT INTO products VALUES(653,9081,'galetcasoha','977060971584',25.0,'XX9909K','3','Blue','Medium',24.111999999999998323,'2022-10-31 14:36:50',4);
INSERT INTO products VALUES(654,7089,'camecen','771433668711',12.0,'9VXJ122','3','Red','Small',68.167000000000001593,'2022-10-31 14:36:50',5);
INSERT INTO products VALUES(655,23958,'fecoco','505942382045',36.0,'03JSJS9','3','Black','Small',40.719999999999998861,'2022-10-31 14:36:50',1);
INSERT INTO products VALUES(656,94693,'chgalet','658681509491',27.0,'02VSSVV','3','Yellow','Small',56.61999999999999744,'2022-10-31 14:36:50',2);
INSERT INTO products VALUES(657,14515,'chha','171377421029',51.0,'0J0XKSV','1','Brown','Medium',57.409999999999996589,'2022-10-31 14:36:50',5);
INSERT INTO products VALUES(658,20151,'pufeletch','286699549440',54.0,'2KX92KV','2','White','Large',40.356999999999999318,'2022-10-31 14:36:50',2);
INSERT INTO products VALUES(659,10364,'pugaboca','854318575581',97.0,'V0VXJSS','1','Green','Large',35.524999999999998579,'2022-10-31 14:36:50',3);
INSERT INTO products VALUES(660,11465,'boga','078493791505',19.0,'S11SK3S','1','Red','Small',31.082999999999998408,'2022-10-31 14:36:50',4);
INSERT INTO products VALUES(661,44645,'gafeelcocense','951103206849',64.0,'19K12VK','2','Black','Large',36.213000000000000965,'2022-10-31 14:36:50',3);
INSERT INTO products VALUES(662,76238,'mememe','714345682198',17.0,'VKXS2VS','1','Blue','Small',92.040999999999996818,'2022-10-31 14:36:50',5);
INSERT INTO products VALUES(663,71273,'cencolet','177968412949',47.0,'K00109X','2','Blue','Large',77.438999999999992953,'2022-10-31 14:36:50',1);
INSERT INTO products VALUES(664,60096,'letsohame','044142677051',100.0,'KKJVX2S','2','Red','Large',4.9409999999999998365,'2022-10-31 14:36:50',1);
INSERT INTO products VALUES(665,83386,'gabocen','430316394635',80.0,'3JX1113','1','Blue','Small',75.504000000000004886,'2022-10-31 14:36:50',1);
INSERT INTO products VALUES(666,17482,'letbu','399514009980',16.0,'KJJXV9S','1','Black','Large',52.854999999999996871,'2022-10-31 14:36:50',5);
INSERT INTO products VALUES(667,58696,'letcopulet','332523265125',31.0,'0JXJ229','3','Green','Small',71.231999999999999319,'2022-10-31 14:36:50',4);
INSERT INTO products VALUES(668,15285,'cofe','652366047176',70.0,'S9K303X','2','Red','Small',34.816000000000002501,'2022-10-31 14:36:50',4);
INSERT INTO products VALUES(669,85206,'chhabu','451089288186',25.0,'J0J990V','1','Grey','Small',78.414000000000001477,'2022-10-31 14:36:50',4);
INSERT INTO products VALUES(670,26726,'cacabo','261093620065',60.0,'X0J303J','2','Brown','Small',19.437000000000001165,'2022-10-31 14:36:50',4);
INSERT INTO products VALUES(671,92504,'gafecaca','915436894795',15.0,'V290S00','3','White','Large',38.207000000000000739,'2022-10-31 14:36:50',4);
INSERT INTO products VALUES(672,77097,'mefeelcen','161858621625',8.0,'9VVXVXS','2','Brown','Medium',77.162999999999996704,'2022-10-31 14:36:50',3);
INSERT INTO products VALUES(673,7545,'feelcaco','790183555434',39.0,'J1VK9JV','2','Green','Large',8.4670000000000005258,'2022-10-31 14:36:50',3);
INSERT INTO products VALUES(674,67369,'cachso','771207477332',95.0,'KJS3990','2','Brown','Medium',57.41799999999999926,'2022-10-31 14:36:50',1);
INSERT INTO products VALUES(675,74665,'cosecabu','213042183036',21.0,'KK1S901','1','Blue','Small',95.194999999999993182,'2022-10-31 14:36:50',1);
INSERT INTO products VALUES(676,34096,'botenhachbu','038326593800',73.0,'3K3XJV1','1','Blue','Small',43.481000000000001649,'2022-10-31 14:36:50',5);
INSERT INTO products VALUES(677,40798,'cacocococa','064858692892',33.0,'3212921','2','Blue','Large',7.7300000000000004263,'2022-10-31 14:36:50',1);
INSERT INTO products VALUES(678,85887,'fefeco','152693528297',28.0,'09X0J0S','1','White','Large',1.5789999999999999591,'2022-10-31 14:36:50',4);
INSERT INTO products VALUES(679,5256,'tenchcenfeelga','883656008726',97.0,'VX91J31','2','Green','Medium',56.26700000000000301,'2022-10-31 14:36:50',5);
INSERT INTO products VALUES(680,86364,'tenhaletme','878620872453',31.0,'X21VVJ3','3','Black','Small',85.293999999999996928,'2022-10-31 14:36:50',1);
INSERT INTO products VALUES(681,88936,'sesech','644521990891',50.0,'KS9J2X3','1','White','Small',27.478000000000001533,'2022-10-31 14:36:50',2);
INSERT INTO products VALUES(682,77371,'caboca','159387957186',73.0,'11JSX11','2','Red','Large',23.231000000000001648,'2022-10-31 14:36:50',3);
INSERT INTO products VALUES(683,52059,'gapubusecen','782083586063',75.0,'VX3K200','2','White','Small',48.231000000000001648,'2022-10-31 14:36:50',2);
INSERT INTO products VALUES(684,16688,'cohagalet','703127795254',21.0,'1S3K9XV','2','White','Large',74.400999999999996247,'2022-10-31 14:36:50',2);
INSERT INTO products VALUES(685,18460,'fecoseha','290595916842',16.0,'J1J313J','1','Blue','Small',79.206000000000003069,'2022-10-31 14:36:50',5);
INSERT INTO products VALUES(686,2816,'sefecenme','323871728213',68.0,'K113JJK','2','Green','Small',93.42199999999999704,'2022-10-31 14:36:50',2);
INSERT INTO products VALUES(687,45934,'hachletso','080119778931',61.0,'S900VJ2','2','Black','Small',3.6139999999999998792,'2022-10-31 14:36:50',2);
INSERT INTO products VALUES(688,47478,'hafebo','214238069249',8.0,'9SS0VS1','3','Grey','Large',34.343000000000003524,'2022-10-31 14:36:50',4);
INSERT INTO products VALUES(689,10622,'cabucoha','745481769010',68.0,'2221J02','2','Brown','Large',82.082999999999998411,'2022-10-31 14:36:50',3);
INSERT INTO products VALUES(690,20968,'mebogaga','850929027199',13.0,'12JVK30','2','White','Medium',99.329999999999998294,'2022-10-31 14:36:50',5);
INSERT INTO products VALUES(691,21695,'coco','151139140257',32.0,'JXVXV13','3','Grey','Small',23.832999999999998409,'2022-10-31 14:36:50',2);
INSERT INTO products VALUES(692,42862,'chpu','747315539568',21.0,'33X0JJJ','3','Green','Medium',44.155000000000001136,'2022-10-31 14:36:50',4);
INSERT INTO products VALUES(693,37975,'haseletmega','255206072353',49.0,'2KV29SK','1','Blue','Large',36.554000000000002046,'2022-10-31 14:36:50',5);
INSERT INTO products VALUES(694,69698,'tensefebu','582782650936',88.0,'S9SSS31','2','Green','Medium',77.090999999999993974,'2022-10-31 14:36:50',1);
INSERT INTO products VALUES(695,18548,'semelethacen','700945674684',74.0,'0V1VJ10','2','Black','Large',39.276000000000003352,'2022-10-31 14:36:50',5);
INSERT INTO products VALUES(696,98435,'bobobo','267109710926',42.0,'032JXS2','1','Red','Large',10.423000000000000042,'2022-10-31 14:36:50',5);
INSERT INTO products VALUES(697,29232,'feelgabomeca','187416976197',59.0,'1302X9X','1','White','Medium',84.069000000000002614,'2022-10-31 14:36:50',4);
INSERT INTO products VALUES(698,51788,'chpu','321313015258',90.0,'1312VVX','1','Black','Small',65.89499999999999602,'2022-10-31 14:36:50',1);
INSERT INTO products VALUES(699,28188,'cabuhaco','959218786862',35.0,'209J2SJ','2','Grey','Small',89.828999999999993523,'2022-10-31 14:36:50',3);
INSERT INTO products VALUES(700,43610,'cenpuha','146837731024',63.0,'S0V2J2J','3','White','Medium',77.38599999999999568,'2022-10-31 14:36:50',5);
INSERT INTO products VALUES(701,33989,'meletchten','106690735710',24.0,'V3X0323','2','Red','Medium',56.426000000000001931,'2022-10-31 14:36:50',5);
INSERT INTO products VALUES(702,74355,'catengabo','869164078548',81.0,'XXS9KX0','1','Yellow','Small',82.096999999999994198,'2022-10-31 14:36:50',2);
INSERT INTO products VALUES(703,70870,'cencenbufe','835716821807',38.0,'K31J3KV','3','White','Small',50.435999999999999942,'2022-10-31 14:36:50',2);
INSERT INTO products VALUES(704,16644,'centenfesefe','997049492806',84.0,'JKVVK3K','1','Green','Large',15.771000000000000795,'2022-10-31 14:36:50',1);
INSERT INTO products VALUES(705,17916,'feelmecotenco','740053388126',65.0,'KVS90SS','3','Black','Large',44.329999999999998294,'2022-10-31 14:36:50',1);
INSERT INTO products VALUES(706,64557,'sebo','611263250535',77.0,'30J1X39','3','Brown','Medium',76.481999999999999316,'2022-10-31 14:36:50',4);
INSERT INTO products VALUES(707,86278,'cameten','207954282833',31.0,'91X9311','2','Blue','Small',87.414000000000001474,'2022-10-31 14:36:50',5);
INSERT INTO products VALUES(708,42744,'socofeelsocen','339908207343',43.0,'1K30122','3','Brown','Medium',98.631000000000000225,'2022-10-31 14:36:50',4);
INSERT INTO products VALUES(709,54260,'puca','777707093918',75.0,'JS3XS9X','1','Red','Small',17.589999999999999857,'2022-10-31 14:36:50',2);
INSERT INTO products VALUES(710,60626,'meca','015115225522',83.0,'2X0KKS3','2','Red','Medium',88.537999999999996703,'2022-10-31 14:36:50',3);
INSERT INTO products VALUES(711,56782,'feelfeten','037011774720',51.0,'XSJV22X','3','White','Large',23.493999999999999773,'2022-10-31 14:36:50',3);
INSERT INTO products VALUES(712,58329,'mega','654475704394',77.0,'2SK01J1','3','Yellow','Small',52.444000000000002615,'2022-10-31 14:36:50',1);
INSERT INTO products VALUES(713,62648,'halet','651050238340',77.0,'2XK1KJ9','1','Blue','Large',40.909999999999996588,'2022-10-31 14:36:50',3);
INSERT INTO products VALUES(714,76791,'chbo','620169620707',25.0,'K19VXKK','2','White','Medium',81.896000000000000792,'2022-10-31 14:36:50',5);
INSERT INTO products VALUES(715,5620,'cafemesebo','732347646444',87.0,'X3V3K0X','1','White','Small',9.1500000000000003552,'2022-10-31 14:36:50',1);
INSERT INTO products VALUES(716,67060,'bucochcenlet','447037968942',48.0,'J33JV99','2','Brown','Medium',79.942999999999997838,'2022-10-31 14:36:50',5);
INSERT INTO products VALUES(717,99522,'bucobuca','662237752514',94.0,'1X92101','2','Yellow','Small',66.33100000000000307,'2022-10-31 14:36:50',2);
INSERT INTO products VALUES(718,57730,'hacencencach','962805268295',36.0,'K1K0V32','3','Red','Large',49.511000000000002785,'2022-10-31 14:36:50',3);
INSERT INTO products VALUES(719,67352,'cenfeelfeelbu','590452715078',38.0,'09K3KVJ','2','Blue','Medium',20.853000000000001534,'2022-10-31 14:36:50',5);
INSERT INTO products VALUES(720,10621,'feelha','687291785230',85.0,'1J3XS1V','2','Green','Small',98.832999999999998404,'2022-10-31 14:36:50',5);
INSERT INTO products VALUES(721,9580,'tenca','376938241363',11.0,'XX30SV9','1','Green','Medium',56.848999999999996644,'2022-10-31 14:36:50',4);
INSERT INTO products VALUES(722,97116,'cachbucobo','832557652273',68.0,'J2V10X1','3','Yellow','Medium',43.695999999999997954,'2022-10-31 14:36:50',5);
INSERT INTO products VALUES(723,96134,'bohafeseca','784810834150',16.0,'SV0K00J','1','Red','Large',51.405999999999998804,'2022-10-31 14:36:50',3);
INSERT INTO products VALUES(724,50454,'chbomeme','677318803906',60.0,'9122X20','2','Grey','Small',55.307999999999999827,'2022-10-31 14:36:50',3);
INSERT INTO products VALUES(725,59075,'secenca','491172386207',33.0,'K0X2J3V','2','Red','Medium',42.07500000000000284,'2022-10-31 14:36:50',2);
INSERT INTO products VALUES(726,68924,'gachch','567472041539',69.0,'99J2K3J','2','Yellow','Medium',15.743000000000000326,'2022-10-31 14:36:50',5);
INSERT INTO products VALUES(727,39977,'tenletse','065478162972',77.0,'0XS1V1J','1','Red','Large',40.305999999999997385,'2022-10-31 14:36:50',3);
INSERT INTO products VALUES(728,12016,'sofeelseca','306772903796',50.0,'2XVV3X1','3','Yellow','Small',45.158000000000001251,'2022-10-31 14:36:50',3);
INSERT INTO products VALUES(729,29009,'gasobubo','977484003031',19.0,'VSKX391','2','Blue','Small',21.29299999999999926,'2022-10-31 14:36:50',1);
INSERT INTO products VALUES(730,61142,'cenfeso','426866999537',91.0,'91X20S1','2','Grey','Large',93.882999999999995569,'2022-10-31 14:36:50',5);
INSERT INTO products VALUES(731,87927,'boca','702203603686',74.0,'0X22912','3','Brown','Medium',55.216000000000001078,'2022-10-31 14:36:50',4);
INSERT INTO products VALUES(732,12120,'puchcoca','087940727917',82.0,'K9JK1VV','1','White','Large',98.691999999999993065,'2022-10-31 14:36:50',5);
INSERT INTO products VALUES(733,47829,'casefesome','254798594694',61.0,'10KS030','3','Red','Large',9.8629999999999995452,'2022-10-31 14:36:50',5);
INSERT INTO products VALUES(734,3392,'puseco','229304738642',44.0,'309V330','2','Blue','Small',61.905999999999998806,'2022-10-31 14:36:50',1);
INSERT INTO products VALUES(735,98409,'socen','102010068321',90.0,'2312KXV','3','Grey','Medium',36.415999999999996816,'2022-10-31 14:36:50',3);
INSERT INTO products VALUES(736,64003,'sesosocobu','972486817852',11.0,'SV9JS3K','3','Blue','Small',3.8130000000000001669,'2022-10-31 14:36:50',3);
INSERT INTO products VALUES(737,88134,'caca','907983145409',12.0,'V9J20XS','2','Brown','Small',28.539000000000001477,'2022-10-31 14:36:50',5);
INSERT INTO products VALUES(738,69827,'feelchcen','960549735351',93.0,'XJ3VXVJ','3','Blue','Small',23.954000000000000626,'2022-10-31 14:36:50',5);
INSERT INTO products VALUES(739,4943,'feelha','432266221004',12.0,'SSVK13X','2','Black','Small',2.2309999999999998721,'2022-10-31 14:36:50',2);
INSERT INTO products VALUES(740,12029,'boca','556126757148',53.0,'9JX33JJ','3','Yellow','Medium',19.096000000000000085,'2022-10-31 14:36:50',3);
INSERT INTO products VALUES(741,22463,'letfeletpume','241884228417',73.0,'2JX3JKS','2','Red','Large',83.591999999999998752,'2022-10-31 14:36:50',3);
INSERT INTO products VALUES(742,45017,'gabufeletcen','335158771686',63.0,'1K9S3J0','1','Green','Medium',3.8420000000000000817,'2022-10-31 14:36:50',3);
INSERT INTO products VALUES(743,95447,'somefeelga','573283260881',47.0,'JXJ1S29','2','Blue','Medium',26.963000000000000965,'2022-10-31 14:36:50',2);
INSERT INTO products VALUES(744,77780,'cafecaletca','639069449138',28.0,'9V93J00','2','Blue','Small',65.939999999999997725,'2022-10-31 14:36:50',3);
INSERT INTO products VALUES(745,34686,'sochtencabo','000896952231',59.0,'X01V929','1','Grey','Large',31.995000000000000995,'2022-10-31 14:36:50',4);
INSERT INTO products VALUES(746,55326,'sepufeel','260141376065',28.0,'XJ09930','3','Blue','Medium',29.277999999999998691,'2022-10-31 14:36:50',4);
INSERT INTO products VALUES(747,17319,'cenbo','109095839547',38.0,'V0SX200','3','Grey','Medium',77.992000000000004434,'2022-10-31 14:36:50',4);
INSERT INTO products VALUES(748,35693,'letcen','800079317793',14.0,'XKSVSKV','1','White','Small',81.771000000000000794,'2022-10-31 14:36:50',3);
INSERT INTO products VALUES(749,62509,'sefe','444447621219',37.0,'2S133J9','2','White','Large',16.948000000000000397,'2022-10-31 14:36:50',4);
INSERT INTO products VALUES(750,38722,'feelpuchbu','566185834922',23.0,'3J9XVVX','1','Grey','Medium',1.9299999999999999378,'2022-10-31 14:36:50',5);
INSERT INTO products VALUES(751,28316,'letfecenca','396462325830',14.0,'S20KKS3','1','Yellow','Medium',70.433000000000006934,'2022-10-31 14:36:50',3);
INSERT INTO products VALUES(752,17750,'chpuch','786486490075',75.0,'90KJ923','3','Blue','Large',16.577000000000001733,'2022-10-31 14:36:50',2);
INSERT INTO products VALUES(753,36386,'gahaga','617098461184',28.0,'1VVJ0V2','2','Blue','Small',72.504000000000004889,'2022-10-31 14:36:50',3);
INSERT INTO products VALUES(754,40882,'mehahach','138639540237',59.0,'9J332S0','3','Blue','Large',95.844999999999998859,'2022-10-31 14:36:50',3);
INSERT INTO products VALUES(755,73245,'lethachcen','816156910283',17.0,'1V112XK','2','Red','Medium',99.87699999999999534,'2022-10-31 14:36:50',2);
INSERT INTO products VALUES(756,59589,'hacobubo','267851879376',42.0,'KV19V9X','1','Red','Small',76.506000000000000229,'2022-10-31 14:36:50',4);
INSERT INTO products VALUES(757,37812,'bocaletsebo','786623692324',60.0,'J1X2K10','1','Green','Medium',8.1479999999999996873,'2022-10-31 14:36:50',2);
INSERT INTO products VALUES(758,2693,'feelten','290115011583',46.0,'902931X','3','Blue','Large',1.5680000000000000603,'2022-10-31 14:36:50',1);
INSERT INTO products VALUES(759,53735,'sebu','904584281108',44.0,'939J11X','1','Red','Small',36.731999999999999317,'2022-10-31 14:36:50',4);
INSERT INTO products VALUES(760,63315,'fechpulet','598334570863',94.0,'0XJK3SK','1','White','Medium',60.871999999999999884,'2022-10-31 14:36:50',5);
INSERT INTO products VALUES(761,1601,'cafeel','648288790756',22.0,'1JJJKJ3','3','Grey','Small',43.688000000000002387,'2022-10-31 14:36:50',4);
INSERT INTO products VALUES(762,38951,'cocacenca','208546303271',20.0,'9VJV192','3','Black','Medium',55.42399999999999949,'2022-10-31 14:36:50',2);
INSERT INTO products VALUES(763,69120,'secococen','706707103931',90.0,'2V0SJV2','3','Red','Small',86.180999999999997381,'2022-10-31 14:36:50',3);
INSERT INTO products VALUES(764,53875,'sefehaseha','797765298297',20.0,'22S901V','2','Blue','Small',94.253000000000000113,'2022-10-31 14:36:50',4);
INSERT INTO products VALUES(765,74835,'sofeelbo','124663826003',77.0,'J3KKV29','2','Yellow','Small',93.168999999999996932,'2022-10-31 14:36:50',3);
INSERT INTO products VALUES(766,82768,'caten','640909007130',11.0,'101900V','3','Yellow','Small',94.584000000000003184,'2022-10-31 14:36:50',4);
INSERT INTO products VALUES(767,79434,'gachlet','990501158618',78.0,'JV0299X','1','Green','Medium',62.082000000000000738,'2022-10-31 14:36:50',3);
INSERT INTO products VALUES(768,70855,'socame','663014988559',24.0,'J10J003','2','White','Medium',84.754000000000004888,'2022-10-31 14:36:50',5);
INSERT INTO products VALUES(769,27877,'gacaha','059803154447',45.0,'S29S0J9','2','Red','Small',88.040000000000006256,'2022-10-31 14:36:50',2);
INSERT INTO products VALUES(770,8133,'sofehaten','039868539139',80.0,'2092X2K','2','Black','Small',42.280000000000001136,'2022-10-31 14:36:50',3);
INSERT INTO products VALUES(771,68235,'secacen','733233853797',59.0,'0KS2K13','3','White','Medium',61.390000000000000566,'2022-10-31 14:36:50',4);
INSERT INTO products VALUES(772,40594,'chfebo','480826488498',36.0,'30XKV02','1','Black','Small',59.972000000000001305,'2022-10-31 14:36:50',1);
INSERT INTO products VALUES(773,11576,'cencacaga','374635431045',57.0,'002XSK9','1','Black','Medium',20.015999999999998237,'2022-10-31 14:36:50',4);
INSERT INTO products VALUES(774,58800,'caletmeha','436592801235',55.0,'JS93J99','3','Black','Large',52.637999999999998124,'2022-10-31 14:36:50',1);
INSERT INTO products VALUES(775,19485,'cach','674768010831',39.0,'12S923K','1','Blue','Small',59.963999999999998634,'2022-10-31 14:36:50',4);
INSERT INTO products VALUES(776,84244,'sepu','188758719204',47.0,'9K31J03','1','Yellow','Small',47.094000000000001194,'2022-10-31 14:36:50',1);
INSERT INTO products VALUES(777,33772,'puca','633358346875',12.0,'90S0J93','3','Black','Large',2.9489999999999998436,'2022-10-31 14:36:50',4);
INSERT INTO products VALUES(778,54188,'cotenletme','675167215218',9.0,'JV01112','2','Green','Small',24.823000000000000398,'2022-10-31 14:36:50',4);
INSERT INTO products VALUES(779,74378,'letfeel','971057884485',36.0,'33K3V0V','2','Red','Small',19.184000000000001051,'2022-10-31 14:36:50',2);
INSERT INTO products VALUES(780,31349,'fetenha','986665274784',35.0,'31233K0','3','Blue','Medium',39.212000000000003297,'2022-10-31 14:36:50',1);
INSERT INTO products VALUES(781,31212,'boten','082646532952',17.0,'09V0K9V','1','Red','Small',36.640000000000000567,'2022-10-31 14:36:50',5);
INSERT INTO products VALUES(782,29545,'capufeellet','278888907270',30.0,'20J91V1','2','Yellow','Large',26.672000000000000597,'2022-10-31 14:36:50',3);
INSERT INTO products VALUES(783,50668,'caga','839927618047',23.0,'02K0SJS','2','Black','Large',79.878000000000000113,'2022-10-31 14:36:50',1);
INSERT INTO products VALUES(784,97870,'chca','776109073835',24.0,'0329902','3','Yellow','Large',61.329999999999998292,'2022-10-31 14:36:50',5);
INSERT INTO products VALUES(785,11947,'tensech','943852654790',100.0,'KJ22S29','3','Red','Medium',70.579999999999998294,'2022-10-31 14:36:50',2);
INSERT INTO products VALUES(786,18824,'tengafeelga','742531385086',62.0,'J12SX0J','3','Black','Small',61.704000000000000627,'2022-10-31 14:36:50',1);
INSERT INTO products VALUES(787,70705,'tenhachme','450961371198',75.0,'JJ00S12','3','Yellow','Large',87.117000000000004433,'2022-10-31 14:36:50',3);
INSERT INTO products VALUES(788,50100,'gamecentenso','818339678630',32.0,'302K2V0','3','Grey','Large',31.890000000000000568,'2022-10-31 14:36:50',2);
INSERT INTO products VALUES(789,51884,'cagafeelcose','420922255182',23.0,'90J9JS0','2','Red','Large',49.656999999999996476,'2022-10-31 14:36:50',4);
INSERT INTO products VALUES(790,9095,'tentenga','068424708840',13.0,'0K3V10J','3','White','Large',15.183999999999999274,'2022-10-31 14:36:50',1);
INSERT INTO products VALUES(791,70321,'cacacenbu','509919318887',95.0,'30J32JS','2','Black','Large',38.603999999999999205,'2022-10-31 14:36:50',5);
INSERT INTO products VALUES(792,1823,'socasese','907585769758',63.0,'0099V9J','3','Black','Large',24.847999999999998976,'2022-10-31 14:36:50',2);
INSERT INTO products VALUES(793,69466,'buch','397198028053',12.0,'9K9S13K','2','Brown','Large',51.423999999999999489,'2022-10-31 14:36:50',4);
INSERT INTO products VALUES(794,86923,'feelten','579313905967',16.0,'XXXXX92','2','Blue','Small',46.729999999999996874,'2022-10-31 14:36:50',3);
INSERT INTO products VALUES(795,94863,'cafeel','348749912696',96.0,'VSJJSSK','1','Red','Small',28.66799999999999926,'2022-10-31 14:36:50',5);
INSERT INTO products VALUES(796,66928,'casocaletha','176708469667',87.0,'SXSSVV3','3','Brown','Medium',1.8620000000000000994,'2022-10-31 14:36:50',2);
INSERT INTO products VALUES(797,23124,'chha','582983277667',18.0,'KKK2VVV','3','Red','Medium',80.039000000000001481,'2022-10-31 14:36:50',2);
INSERT INTO products VALUES(798,77890,'bucopu','539504365775',29.0,'1VSJSK0','3','Red','Medium',11.958000000000000185,'2022-10-31 14:36:50',2);
INSERT INTO products VALUES(799,41571,'hacoletletga','365720405887',72.0,'S1012K0','1','Brown','Large',3.4060000000000001385,'2022-10-31 14:36:50',5);
INSERT INTO products VALUES(800,1217,'boletcacafeel','611843716230',36.0,'9J29VS2','2','White','Small',5.0890000000000004121,'2022-10-31 14:36:50',1);
INSERT INTO products VALUES(801,40183,'bosech','546275372471',58.0,'KK1JKSK','2','Red','Medium',8.7460000000000004405,'2022-10-31 14:36:50',1);
INSERT INTO products VALUES(802,45632,'cenboten','551005476948',84.0,'193XV0S','2','Brown','Small',92.521000000000000792,'2022-10-31 14:36:50',3);
INSERT INTO products VALUES(803,14878,'sose','071924148167',86.0,'V03S390','3','Black','Large',57.825000000000002843,'2022-10-31 14:36:50',2);
INSERT INTO products VALUES(804,6241,'buchsofeel','455754275052',17.0,'0929KJS','1','White','Large',82.358000000000004094,'2022-10-31 14:36:50',3);
INSERT INTO products VALUES(805,54331,'cenmebubu','192593188407',89.0,'S22SJ3V','3','Yellow','Medium',14.769000000000000127,'2022-10-31 14:36:50',5);
INSERT INTO products VALUES(806,18682,'socohaco','608889454999',58.0,'39V92JV','3','Grey','Large',28.318000000000001392,'2022-10-31 14:36:50',1);
INSERT INTO products VALUES(807,16319,'hachmefeelco','196150875305',20.0,'XJ2SJ92','3','Blue','Large',98.765000000000000568,'2022-10-31 14:36:50',4);
INSERT INTO products VALUES(808,61574,'cocochca','532609080305',28.0,'39VX2S0','2','Blue','Large',60.363999999999997216,'2022-10-31 14:36:50',5);
INSERT INTO products VALUES(809,8986,'chcengaten','097532626673',90.0,'K91KJKJ','3','Grey','Small',79.736000000000004208,'2022-10-31 14:36:50',4);
INSERT INTO products VALUES(810,86313,'pupulet','601287986763',82.0,'00XJ0S2','2','Black','Medium',82.262000000000000451,'2022-10-31 14:36:50',1);
INSERT INTO products VALUES(811,88630,'sochcen','323760212357',83.0,'KJ3VX2S','1','Grey','Large',18.987999999999999545,'2022-10-31 14:36:50',2);
INSERT INTO products VALUES(812,31107,'pubo','717175826561',53.0,'90XVXXJ','3','Grey','Large',45.226999999999996761,'2022-10-31 14:36:50',2);
INSERT INTO products VALUES(813,20208,'buhacen','073763670118',69.0,'9XXJVVK','2','Red','Medium',46.713000000000000967,'2022-10-31 14:36:50',5);
INSERT INTO products VALUES(814,70289,'tenso','987072783965',23.0,'K229X10','1','Yellow','Small',84.781999999999996479,'2022-10-31 14:36:50',1);
INSERT INTO products VALUES(815,39083,'gase','416845633925',41.0,'SX1301X','3','Yellow','Small',57.369999999999997442,'2022-10-31 14:36:50',1);
INSERT INTO products VALUES(816,88939,'tenso','418971430832',73.0,'9XV2JV1','1','Red','Medium',89.409000000000006021,'2022-10-31 14:36:50',2);
INSERT INTO products VALUES(817,25280,'sega','077405660146',52.0,'KX01JJ1','1','Black','Small',12.78700000000000081,'2022-10-31 14:36:50',5);
INSERT INTO products VALUES(818,14252,'mehaca','379769603016',23.0,'03XSJKS','2','White','Small',37.50800000000000267,'2022-10-31 14:36:50',3);
INSERT INTO products VALUES(819,93319,'bufeelbofe','269741652507',62.0,'VK20332','3','Yellow','Small',21.361999999999998322,'2022-10-31 14:36:50',3);
INSERT INTO products VALUES(820,10071,'caseletten','020654117116',50.0,'12SS3K9','2','White','Medium',20.143999999999998352,'2022-10-31 14:36:50',4);
INSERT INTO products VALUES(821,6577,'hafecobofeel','308994001688',59.0,'JJ0X1SJ','3','White','Large',34.371000000000002216,'2022-10-31 14:36:50',2);
INSERT INTO products VALUES(822,70488,'fecagaca','081816390150',8.0,'S391X9K','1','White','Large',76.534999999999996588,'2022-10-31 14:36:50',5);
INSERT INTO products VALUES(823,40567,'sose','808691506074',73.0,'0913KXS','1','Brown','Large',83.251000000000004771,'2022-10-31 14:36:50',1);
INSERT INTO products VALUES(824,12547,'feelgaletcaha','447542521687',14.0,'2KX3S1X','1','Green','Small',71.328999999999993519,'2022-10-31 14:36:50',3);
INSERT INTO products VALUES(825,30159,'chfeel','545116605536',70.0,'KX33VJ3','1','Yellow','Medium',47.414999999999999148,'2022-10-31 14:36:50',5);
INSERT INTO products VALUES(826,31916,'bocenfeelme','186101994299',67.0,'SX2J9JK','3','Grey','Large',28.39399999999999835,'2022-10-31 14:36:50',1);
INSERT INTO products VALUES(827,31144,'hafeel','023329899066',6.0,'939S1S3','3','Yellow','Medium',94.033000000000001254,'2022-10-31 14:36:50',3);
INSERT INTO products VALUES(828,35713,'mefe','147159660952',71.0,'S392V9K','2','Black','Small',36.100000000000001421,'2022-10-31 14:36:50',1);
INSERT INTO products VALUES(829,20588,'buga','569244887754',17.0,'0SV00XX','3','Yellow','Large',56.404000000000003465,'2022-10-31 14:36:50',1);
INSERT INTO products VALUES(830,38703,'feelchha','660907897934',17.0,'JXK2923','2','Black','Large',71.864999999999994882,'2022-10-31 14:36:50',5);
INSERT INTO products VALUES(831,27157,'bocaha','412097832381',74.0,'313SKK3','3','Green','Small',27.641999999999999459,'2022-10-31 14:36:50',5);
INSERT INTO products VALUES(832,1553,'chsobusega','375458680942',34.0,'9JS1J9X','1','Green','Large',11.115999999999999659,'2022-10-31 14:36:50',1);
INSERT INTO products VALUES(833,33896,'caca','126380624920',64.0,'30S3XSV','1','Grey','Medium',80.335999999999998522,'2022-10-31 14:36:50',3);
INSERT INTO products VALUES(834,32984,'chcogaga','119112725906',72.0,'0VV3211','3','Blue','Medium',55.308999999999997497,'2022-10-31 14:36:50',1);
INSERT INTO products VALUES(835,36593,'tenfeelme','170124183825',22.0,'SVKS1KK','2','Green','Large',80.522999999999996132,'2022-10-31 14:36:50',2);
INSERT INTO products VALUES(836,1379,'bucenbo','600435413234',28.0,'J0JS0X2','2','Black','Medium',50.307999999999999827,'2022-10-31 14:36:50',1);
INSERT INTO products VALUES(837,24383,'coso','970650840182',84.0,'K1VXKX9','1','Red','Medium',78.340000000000003408,'2022-10-31 14:36:50',1);
INSERT INTO products VALUES(838,23389,'gafeel','066139300607',84.0,'12XVV9S','2','Yellow','Large',89.86700000000000443,'2022-10-31 14:36:50',1);
INSERT INTO products VALUES(839,22333,'gacencogafeel','668640316071',94.0,'K9SX0X3','1','Blue','Large',59.649000000000000909,'2022-10-31 14:36:50',2);
INSERT INTO products VALUES(840,48804,'gapu','988211446927',34.0,'X10VX39','3','Red','Large',16.984000000000001762,'2022-10-31 14:36:50',2);
INSERT INTO products VALUES(841,84500,'mebotenhach','654602505955',7.0,'0V3J1J9','2','Brown','Large',89.816000000000002501,'2022-10-31 14:36:50',5);
INSERT INTO products VALUES(842,5670,'mesocacobu','963736971637',92.0,'JKVJ010','3','White','Large',35.079999999999998295,'2022-10-31 14:36:50',3);
INSERT INTO products VALUES(843,71649,'mecocalet','636426389839',88.0,'V3J10SJ','2','Grey','Small',80.054000000000002049,'2022-10-31 14:36:50',4);
INSERT INTO products VALUES(844,14720,'tencabucaten','665424860319',22.0,'3909JVJ','3','White','Large',86.846999999999994201,'2022-10-31 14:36:50',5);
INSERT INTO products VALUES(845,44944,'sofeten','489740821072',15.0,'3093293','1','White','Small',67.957999999999998408,'2022-10-31 14:36:50',3);
INSERT INTO products VALUES(846,53907,'catencahach','023696838442',21.0,'22033V1','2','Grey','Medium',60.283000000000001249,'2022-10-31 14:36:50',5);
INSERT INTO products VALUES(847,76812,'habobuha','736578318801',99.0,'J9J2X23','1','Yellow','Small',46.752000000000002444,'2022-10-31 14:36:50',3);
INSERT INTO products VALUES(848,31960,'cahacopu','581770992440',34.0,'19S3VK1','1','Yellow','Large',57.798000000000001818,'2022-10-31 14:36:50',3);
INSERT INTO products VALUES(849,29084,'cenhaletseco','524851893919',52.0,'0KJ1X0V','3','White','Medium',96.787999999999996701,'2022-10-31 14:36:50',4);
INSERT INTO products VALUES(850,10463,'cagaletch','498317720708',66.0,'XKVSSXV','2','White','Medium',87.352999999999994427,'2022-10-31 14:36:50',4);
INSERT INTO products VALUES(851,83311,'chgasoch','226706336169',71.0,'29S210J','3','Green','Small',14.807999999999999829,'2022-10-31 14:36:50',3);
INSERT INTO products VALUES(852,41072,'catensesoca','649954181147',51.0,'32SJ0X9','2','Blue','Small',76.115999999999999657,'2022-10-31 14:36:50',2);
INSERT INTO products VALUES(853,71788,'cencatenpuha','347112726896',75.0,'0J32S2X','1','White','Large',26.391999999999999459,'2022-10-31 14:36:50',3);
INSERT INTO products VALUES(854,44232,'fecotenten','587544007356',50.0,'V19SV0X','2','Yellow','Medium',66.516999999999995908,'2022-10-31 14:36:50',3);
INSERT INTO products VALUES(855,85961,'cobupu','308487517665',81.0,'93J0S93','2','Black','Large',57.289000000000001476,'2022-10-31 14:36:50',2);
INSERT INTO products VALUES(856,74537,'feelca','059609912629',57.0,'JJ13290','1','Yellow','Medium',54.55700000000000216,'2022-10-31 14:36:50',4);
INSERT INTO products VALUES(857,57269,'fecencenhafeel','444124581749',21.0,'X0KV1V3','3','Brown','Small',82.397999999999996132,'2022-10-31 14:36:50',2);
INSERT INTO products VALUES(858,45155,'sobupucenbo','018281623459',87.0,'VK2J9VS','3','Blue','Medium',92.432000000000002163,'2022-10-31 14:36:50',4);
INSERT INTO products VALUES(859,98375,'puchca','507995684022',26.0,'JJ30S9S','2','Black','Small',63.802999999999997272,'2022-10-31 14:36:50',3);
INSERT INTO products VALUES(860,29408,'gahabopu','019613404993',36.0,'KJSVKS3','3','Yellow','Small',33.06700000000000017,'2022-10-31 14:36:50',4);
INSERT INTO products VALUES(861,43754,'bofeme','876073996200',93.0,'3120VS2','3','Black','Large',78.400000000000005682,'2022-10-31 14:36:50',5);
INSERT INTO products VALUES(862,85462,'bofemeca','611531063441',51.0,'X3KVV99','3','Blue','Small',89.125000000000000003,'2022-10-31 14:36:50',1);
INSERT INTO products VALUES(863,56996,'sefeel','181031470545',83.0,'2X0339J','2','White','Large',97.316999999999993066,'2022-10-31 14:36:50',3);
INSERT INTO products VALUES(864,26146,'cenchgaso','519633594631',68.0,'S133SV3','3','Red','Medium',56.268999999999998349,'2022-10-31 14:36:50',3);
INSERT INTO products VALUES(865,32955,'cobu','707841210194',66.0,'2XSJX1V','2','Yellow','Medium',57.984000000000001763,'2022-10-31 14:36:50',1);
INSERT INTO products VALUES(866,4034,'memecaga','537040168322',22.0,'3219S2V','1','Yellow','Medium',49.305999999999997386,'2022-10-31 14:36:50',5);
INSERT INTO products VALUES(867,86290,'bucen','107433618671',88.0,'3J0SV90','1','Grey','Small',68.332999999999998407,'2022-10-31 14:36:50',3);
INSERT INTO products VALUES(868,42374,'mechletsocen','793650091453',92.0,'10KX3XJ','1','Green','Small',46.502000000000002443,'2022-10-31 14:36:50',3);
INSERT INTO products VALUES(869,41460,'catenpubo','738633930862',63.0,'S32J3JS','2','Red','Large',24.082999999999998407,'2022-10-31 14:36:50',1);
INSERT INTO products VALUES(870,49319,'chch','253777256750',58.0,'913S3X2','1','White','Large',37.253999999999997782,'2022-10-31 14:36:50',2);
INSERT INTO products VALUES(871,54660,'chco','096233004266',38.0,'X1S0X11','3','Yellow','Large',22.669000000000000482,'2022-10-31 14:36:50',5);
INSERT INTO products VALUES(872,15846,'bupucofeel','015170334107',94.0,'123SSXJ','2','Brown','Small',80.53300000000000125,'2022-10-31 14:36:50',2);
INSERT INTO products VALUES(873,56808,'letletme','775555967895',84.0,'2JJV3X0','1','Yellow','Large',13.112999999999999545,'2022-10-31 14:36:50',2);
INSERT INTO products VALUES(874,8671,'memesepume','549842874735',77.0,'021SVS9','3','Black','Medium',11.497999999999999332,'2022-10-31 14:36:50',3);
INSERT INTO products VALUES(875,44145,'bulet','711394081337',65.0,'11X1V21','3','Green','Small',3.2820000000000000284,'2022-10-31 14:36:50',3);
INSERT INTO products VALUES(876,98549,'gafeel','666785447635',5.0,'192K03X','3','Brown','Medium',20.896000000000000795,'2022-10-31 14:36:50',5);
INSERT INTO products VALUES(877,97201,'letmehapufe','604347841384',23.0,'J0V900S','1','White','Large',87.391999999999995909,'2022-10-31 14:36:50',1);
INSERT INTO products VALUES(878,45498,'cench','661644450802',5.0,'2VX20S9','1','Red','Large',58.286000000000001363,'2022-10-31 14:36:50',5);
INSERT INTO products VALUES(879,58900,'gaga','956439094011',11.0,'VSSJ39V','1','Blue','Large',24.957999999999998408,'2022-10-31 14:36:50',5);
INSERT INTO products VALUES(880,71214,'buhamebu','648609532444',83.0,'X0JS939','1','Brown','Small',53.155000000000001136,'2022-10-31 14:36:50',5);
INSERT INTO products VALUES(881,7193,'puletfeel','632095626401',81.0,'K9309XK','3','Green','Small',32.881000000000000227,'2022-10-31 14:36:50',3);
INSERT INTO products VALUES(882,81448,'habu','429395884111',71.0,'20K2V2S','3','Red','Medium',84.629999999999995455,'2022-10-31 14:36:50',3);
INSERT INTO products VALUES(883,38360,'tenletfecenca','189819412167',17.0,'S1312JK','2','Red','Medium',36.890999999999998237,'2022-10-31 14:36:50',1);
INSERT INTO products VALUES(884,42327,'chpucapulet','966993749850',94.0,'K9JKKS1','1','Yellow','Large',10.499000000000000554,'2022-10-31 14:36:50',5);
INSERT INTO products VALUES(885,89590,'tencobosebu','448944415616',9.0,'1K1KXS1','1','Grey','Large',18.044000000000000483,'2022-10-31 14:36:50',1);
INSERT INTO products VALUES(886,40886,'tenbuch','272534092005',51.0,'9JX93XV','2','Yellow','Medium',38.585000000000000852,'2022-10-31 14:36:50',4);
INSERT INTO products VALUES(887,37391,'fepu','700992983797',94.0,'KV33X23','2','Red','Medium',80.210999999999998523,'2022-10-31 14:36:50',3);
INSERT INTO products VALUES(888,10879,'bugafeso','491747651722',67.0,'13JJ93K','2','Brown','Large',93.239000000000004323,'2022-10-31 14:36:50',4);
INSERT INTO products VALUES(889,74783,'came','864450722327',92.0,'VX0K12K','1','White','Small',25.024000000000000908,'2022-10-31 14:36:50',3);
INSERT INTO products VALUES(890,80153,'sogaca','349737862539',12.0,'V9329XJ','2','Yellow','Small',71.397000000000005572,'2022-10-31 14:36:50',1);
INSERT INTO products VALUES(891,48044,'hacacaco','525489970630',74.0,'VKXVS92','1','Brown','Small',91.552000000000006707,'2022-10-31 14:36:50',1);
INSERT INTO products VALUES(892,86023,'hacaso','729423177297',73.0,'0SKVKJJ','2','Grey','Small',28.670000000000001705,'2022-10-31 14:36:50',4);
INSERT INTO products VALUES(893,79774,'sefe','364749282960',44.0,'JJVJ1V9','2','Grey','Medium',66.786000000000001362,'2022-10-31 14:36:50',5);
INSERT INTO products VALUES(894,94973,'solet','405734659097',24.0,'X021VV9','1','White','Small',85.054000000000002049,'2022-10-31 14:36:50',1);
INSERT INTO products VALUES(895,83860,'cogacach','681142194714',40.0,'333SJXK','2','White','Medium',26.504000000000001336,'2022-10-31 14:36:50',2);
INSERT INTO products VALUES(896,57939,'cochbume','626690924982',61.0,'VJK2XV3','1','Blue','Large',34.996000000000002216,'2022-10-31 14:36:50',3);
INSERT INTO products VALUES(897,54235,'cocen','181748122408',71.0,'013VK2V','3','Brown','Small',10.272999999999999687,'2022-10-31 14:36:50',1);
INSERT INTO products VALUES(898,80720,'pucose','783076707497',18.0,'00X1111','3','Red','Medium',11.821999999999999175,'2022-10-31 14:36:50',3);
INSERT INTO products VALUES(899,15808,'cenbuhapubo','825305752818',74.0,'22XKKVV','3','Blue','Large',82.620000000000004547,'2022-10-31 14:36:50',4);
INSERT INTO products VALUES(900,64819,'cenbo','562441253399',45.0,'0J99VVJ','1','Yellow','Small',98.578000000000002957,'2022-10-31 14:36:50',4);
INSERT INTO products VALUES(901,41290,'segamepuse','916686977209',60.0,'1K293K0','1','Yellow','Medium',85.042000000000001593,'2022-10-31 14:36:50',4);
INSERT INTO products VALUES(902,80535,'cencencoco','126310263367',75.0,'V1JSS11','2','Green','Small',68.894999999999996021,'2022-10-31 14:36:50',1);
INSERT INTO products VALUES(903,60754,'caga','524071158729',64.0,'92SS9S2','3','White','Medium',88.789000000000001481,'2022-10-31 14:36:50',4);
INSERT INTO products VALUES(904,1647,'feelbuletlet','862428481167',55.0,'9XS20KS','1','Brown','Medium',15.612999999999999545,'2022-10-31 14:36:50',1);
INSERT INTO products VALUES(905,42836,'mefeso','764047089920',72.0,'SJ329J0','1','Grey','Small',19.301999999999999602,'2022-10-31 14:36:50',2);
INSERT INTO products VALUES(906,20553,'sebolet','331175285141',93.0,'XV22233','2','Green','Medium',45.179000000000002048,'2022-10-31 14:36:50',2);
INSERT INTO products VALUES(907,16975,'sopuch','553337899170',17.0,'113220X','1','Red','Medium',68.108999999999994658,'2022-10-31 14:36:50',4);
INSERT INTO products VALUES(908,22298,'gahameme','756026335055',9.0,'K3SXSKV','1','Grey','Medium',79.459999999999993748,'2022-10-31 14:36:50',5);
INSERT INTO products VALUES(909,57830,'seme','524075058829',29.0,'XK00921','3','Brown','Medium',79.343000000000003524,'2022-10-31 14:36:50',4);
INSERT INTO products VALUES(910,16760,'tenfeelga','579517334797',66.0,'J1K0XXX','1','Brown','Large',57.930999999999997383,'2022-10-31 14:36:50',3);
INSERT INTO products VALUES(911,3963,'mefeelse','931591802636',30.0,'V2KSS0J','2','Red','Small',89.695999999999997953,'2022-10-31 14:36:50',5);
INSERT INTO products VALUES(912,49940,'puso','164664207280',77.0,'3JS023X','2','Yellow','Large',24.769999999999999574,'2022-10-31 14:36:50',3);
INSERT INTO products VALUES(913,44294,'tenhamepu','150631751080',55.0,'XK099V9','3','White','Medium',15.698999999999999843,'2022-10-31 14:36:51',1);
INSERT INTO products VALUES(914,71331,'feellet','509984506653',58.0,'1JX3VXS','2','Black','Small',49.783999999999998921,'2022-10-31 14:36:51',1);
INSERT INTO products VALUES(915,56497,'metenbo','855068183174',80.0,'S122XXK','2','Black','Small',43.688000000000002387,'2022-10-31 14:36:51',5);
INSERT INTO products VALUES(916,15694,'tenchca','842940250247',25.0,'9KXS1K1','3','White','Medium',97.123000000000004657,'2022-10-31 14:36:51',4);
INSERT INTO products VALUES(917,85738,'cacenpugaga','724406910963',14.0,'1KKJJVS','1','Grey','Medium',62.387999999999998123,'2022-10-31 14:36:51',1);
INSERT INTO products VALUES(918,81548,'haboco','231978134376',23.0,'2K3J3S0','2','Yellow','Small',28.577000000000001733,'2022-10-31 14:36:51',5);
INSERT INTO products VALUES(919,4917,'coga','893683027347',7.0,'2XJX900','2','Green','Large',40.310000000000002274,'2022-10-31 14:36:51',4);
INSERT INTO products VALUES(920,21546,'bucen','893011925488',87.0,'99J2X13','2','Green','Medium',43.560000000000002272,'2022-10-31 14:36:51',1);
INSERT INTO products VALUES(921,1704,'sese','471648698522',78.0,'9VK1K99','1','Green','Medium',44.362000000000001874,'2022-10-31 14:36:51',5);
INSERT INTO products VALUES(922,58677,'cacenca','749286808881',80.0,'KK93SXV','3','Grey','Medium',45.262000000000000453,'2022-10-31 14:36:51',2);
INSERT INTO products VALUES(923,37092,'cocen','904862313548',52.0,'V32J0V3','1','Grey','Medium',56.526000000000003352,'2022-10-31 14:36:51',3);
INSERT INTO products VALUES(924,46787,'tenbucacenpu','447823809476',23.0,'01SS9XJ','3','Grey','Large',77.414000000000001478,'2022-10-31 14:36:51',1);
INSERT INTO products VALUES(925,56946,'cotenfeel','498924194758',98.0,'S93VK2J','3','Grey','Medium',78.628000000000000113,'2022-10-31 14:36:51',3);
INSERT INTO products VALUES(926,13035,'mesotencen','117747774577',51.0,'9XK2V12','1','Grey','Large',42.554000000000002045,'2022-10-31 14:36:51',2);
INSERT INTO products VALUES(927,90375,'sobucosecen','353523319819',65.0,'2SJ2XK1','1','Yellow','Small',93.063999999999992953,'2022-10-31 14:36:51',2);
INSERT INTO products VALUES(928,2122,'cagacafeel','771875477867',61.0,'332V10V','3','Grey','Medium',74.760000000000005116,'2022-10-31 14:36:51',1);
INSERT INTO products VALUES(929,58686,'cenbo','399353435046',35.0,'112XVS0','3','Red','Large',67.165000000000006251,'2022-10-31 14:36:51',4);
INSERT INTO products VALUES(930,6635,'calettenso','908695454818',21.0,'K3SV9JK','3','Red','Small',14.679999999999999715,'2022-10-31 14:36:51',4);
INSERT INTO products VALUES(931,69121,'letletme','523164145488',96.0,'9SJ3SK2','1','Yellow','Large',3.3460000000000000852,'2022-10-31 14:36:51',2);
INSERT INTO products VALUES(932,47380,'bosofeel','302642631396',17.0,'90K11J0','3','Yellow','Large',18.562000000000001165,'2022-10-31 14:36:51',4);
INSERT INTO products VALUES(933,69148,'sotenfeelch','026486920850',56.0,'XV9V0J1','2','Red','Small',2.9230000000000000426,'2022-10-31 14:36:51',5);
INSERT INTO products VALUES(934,4736,'habuga','294192260199',45.0,'112KXJ1','3','Red','Medium',35.018999999999998351,'2022-10-31 14:36:51',5);
INSERT INTO products VALUES(935,22252,'tenfeelfebome','852134317384',32.0,'SXK3921','2','White','Medium',17.199999999999999289,'2022-10-31 14:36:51',5);
INSERT INTO products VALUES(936,98593,'cahachpu','626502556014',54.0,'X3V0133','3','Blue','Medium',45.838999999999998635,'2022-10-31 14:36:51',3);
INSERT INTO products VALUES(937,39572,'cagacasoca','863360638240',60.0,'K21KX93','2','Black','Large',79.131000000000000227,'2022-10-31 14:36:51',2);
INSERT INTO products VALUES(938,15746,'bocabuhafe','681542019811',54.0,'9X1X3XV','1','Yellow','Medium',18.844000000000001193,'2022-10-31 14:36:51',1);
INSERT INTO products VALUES(939,52536,'case','380614580883',67.0,'0XX9313','2','Blue','Large',75.057000000000002161,'2022-10-31 14:36:51',4);
INSERT INTO products VALUES(940,70864,'caga','226098027872',89.0,'30VK9K1','2','Red','Medium',49.136000000000002786,'2022-10-31 14:36:51',2);
INSERT INTO products VALUES(941,52294,'caha','023795306790',67.0,'J939V2S','1','Grey','Small',32.67799999999999727,'2022-10-31 14:36:51',4);
INSERT INTO products VALUES(942,95150,'pubo','028982385479',7.0,'K3V9222','3','White','Large',64.722999999999998978,'2022-10-31 14:36:51',4);
INSERT INTO products VALUES(943,15955,'pulet','635415456083',18.0,'JXKK1S1','2','Grey','Medium',59.743000000000002101,'2022-10-31 14:36:51',2);
INSERT INTO products VALUES(944,13238,'centenletpubu','995944301975',11.0,'2V1KKJ1','2','Black','Small',96.052999999999997271,'2022-10-31 14:36:51',2);
INSERT INTO products VALUES(945,60941,'bohacenletten','003162858204',82.0,'K999KK0','1','White','Medium',68.66700000000000159,'2022-10-31 14:36:51',4);
INSERT INTO products VALUES(946,45759,'fecencamebo','717879847986',61.0,'KV3J130','2','Grey','Large',31.541000000000000368,'2022-10-31 14:36:51',5);
INSERT INTO products VALUES(947,45541,'fecabu','129244954729',37.0,'JKKJ03K','2','Black','Small',79.509000000000000342,'2022-10-31 14:36:51',1);
INSERT INTO products VALUES(948,86063,'hafeel','496032243902',6.0,'JS0292V','1','Black','Small',41.411000000000001363,'2022-10-31 14:36:51',2);
INSERT INTO products VALUES(949,56568,'cencencacabo','868165595800',32.0,'XXVXS90','2','Brown','Medium',32.03499999999999659,'2022-10-31 14:36:51',5);
INSERT INTO products VALUES(950,28124,'cabupufeel','078963307776',85.0,'3S331S3','1','White','Medium',4.3929999999999997939,'2022-10-31 14:36:51',1);
INSERT INTO products VALUES(951,96219,'calet','712615863010',75.0,'XJ22XSJ','1','Yellow','Large',30.114999999999998436,'2022-10-31 14:36:51',1);
INSERT INTO products VALUES(952,50114,'cacacenca','002214327676',50.0,'2S2SX20','3','White','Large',76.40099999999999625,'2022-10-31 14:36:51',4);
INSERT INTO products VALUES(953,25211,'bugaca','253267015866',76.0,'22X312J','1','White','Small',88.912999999999996706,'2022-10-31 14:36:51',4);
INSERT INTO products VALUES(954,87683,'feelsobuco','950934367080',44.0,'J0S19V3','1','Grey','Small',57.037999999999996702,'2022-10-31 14:36:51',4);
INSERT INTO products VALUES(955,86504,'hafe','982966511512',60.0,'K9JJ1S1','2','Grey','Small',40.112999999999999546,'2022-10-31 14:36:51',2);
INSERT INTO products VALUES(956,54852,'chbubuga','087204694886',73.0,'23KV2V3','2','Green','Large',49.329000000000000625,'2022-10-31 14:36:51',2);
INSERT INTO products VALUES(957,10866,'mega','846124954487',42.0,'KJ03VX3','1','Blue','Small',89.084999999999993748,'2022-10-31 14:36:51',5);
INSERT INTO products VALUES(958,94417,'feelmefeelboha','053630931121',66.0,'KXX29XX','2','Blue','Medium',17.960999999999998522,'2022-10-31 14:36:51',2);
INSERT INTO products VALUES(959,43392,'cenchbucen','587733072080',59.0,'VSSK3S2','2','Brown','Medium',60.990000000000001989,'2022-10-31 14:36:51',1);
INSERT INTO products VALUES(960,16541,'copucenseca','894766894847',58.0,'XKSKV9J','1','Yellow','Large',1.0829999999999999626,'2022-10-31 14:36:51',2);
INSERT INTO products VALUES(961,34121,'puch','260862240219',80.0,'1S2VJ1K','3','Yellow','Small',23.13400000000000034,'2022-10-31 14:36:51',1);
INSERT INTO products VALUES(962,89969,'letcaga','367161990124',79.0,'S3SXSK0','3','Blue','Medium',15.172000000000000596,'2022-10-31 14:36:51',3);
INSERT INTO products VALUES(963,24754,'hapuca','775068930500',53.0,'121XX01','1','Green','Medium',98.680999999999997381,'2022-10-31 14:36:51',5);
INSERT INTO products VALUES(964,68012,'caso','557898372594',37.0,'K931J0J','1','Green','Large',67.618999999999999774,'2022-10-31 14:36:51',3);
INSERT INTO products VALUES(965,47075,'caletbo','311101836865',15.0,'X0V3K9V','1','Grey','Large',5.0769999999999999573,'2022-10-31 14:36:51',5);
INSERT INTO products VALUES(966,96368,'tencacaco','905339233522',86.0,'103VK90','2','White','Large',97.44599999999999795,'2022-10-31 14:36:51',1);
INSERT INTO products VALUES(967,7209,'chletfeel','788898689295',93.0,'KJ39JV2','3','Grey','Large',26.545000000000001706,'2022-10-31 14:36:51',5);
INSERT INTO products VALUES(968,32336,'tenchcenseca','129991385203',100.0,'20XK0V1','2','Red','Small',35.244999999999997442,'2022-10-31 14:36:51',3);
INSERT INTO products VALUES(969,62216,'coletsecalet','929180051519',9.0,'V9JVS1K','3','Brown','Medium',17.268999999999998351,'2022-10-31 14:36:51',4);
INSERT INTO products VALUES(970,68122,'sopuboletlet','485879323023',94.0,'9KJ9JVS','2','Black','Medium',6.1580000000000003623,'2022-10-31 14:36:51',4);
INSERT INTO products VALUES(971,55857,'tencahaten','104779730673',59.0,'1SK2V3K','2','Red','Large',31.388999999999999345,'2022-10-31 14:36:51',4);
INSERT INTO products VALUES(972,68695,'haso','902468748601',17.0,'1XS9V21','3','Yellow','Medium',78.290000000000006252,'2022-10-31 14:36:51',1);
INSERT INTO products VALUES(973,86885,'cabufeelch','697366456251',43.0,'J320J13','3','Yellow','Small',93.191000000000002497,'2022-10-31 14:36:51',2);
INSERT INTO products VALUES(974,32562,'tensepuca','461154416665',76.0,'3JSJ2KX','1','Red','Small',54.156999999999996474,'2022-10-31 14:36:51',5);
INSERT INTO products VALUES(975,86008,'tencen','228044484797',17.0,'3SX2S91','3','Grey','Large',16.146000000000000796,'2022-10-31 14:36:51',4);
INSERT INTO products VALUES(976,94398,'bubu','047044272722',9.0,'V22XXS9','3','Blue','Small',94.846000000000003637,'2022-10-31 14:36:51',1);
INSERT INTO products VALUES(977,85827,'socacaga','207622560323',69.0,'3XXX03S','1','Yellow','Small',90.739000000000004323,'2022-10-31 14:36:51',3);
INSERT INTO products VALUES(978,84796,'boboca','678503902636',90.0,'JJ0SKSX','3','White','Large',28.841999999999998749,'2022-10-31 14:36:51',4);
INSERT INTO products VALUES(979,64622,'cach','250003472500',46.0,'9VX01S0','3','Green','Medium',94.42700000000000671,'2022-10-31 14:36:51',4);
INSERT INTO products VALUES(980,16029,'pufesoboca','140762557506',100.0,'K992K32','3','Black','Medium',11.903000000000000469,'2022-10-31 14:36:51',2);
INSERT INTO products VALUES(981,76407,'mebufeel','185063579030',47.0,'KK0KSJV','2','White','Large',18.679999999999999715,'2022-10-31 14:36:51',4);
INSERT INTO products VALUES(982,50872,'pucaten','745569920242',55.0,'XVV223V','1','Grey','Large',3.2170000000000000817,'2022-10-31 14:36:51',3);
INSERT INTO products VALUES(983,95099,'socotenpuha','523992953416',100.0,'9J2V2XV','3','Green','Medium',87.817999999999997841,'2022-10-31 14:36:51',5);
INSERT INTO products VALUES(984,61087,'feelbuco','974732036359',49.0,'SS12J3K','3','Grey','Large',83.534999999999996591,'2022-10-31 14:36:51',2);
INSERT INTO products VALUES(985,79386,'hahacen','670279288654',7.0,'KJXX22J','3','White','Medium',97.361000000000004206,'2022-10-31 14:36:51',5);
INSERT INTO products VALUES(986,74792,'caboboletfeel','602080523242',17.0,'9903XV2','2','Yellow','Large',95.966999999999998745,'2022-10-31 14:36:51',5);
INSERT INTO products VALUES(987,9594,'pubogaso','468375662015',6.0,'9VXJ321','1','Yellow','Small',12.156000000000000583,'2022-10-31 14:36:51',4);
INSERT INTO products VALUES(988,43739,'sepubuletha','790949396145',34.0,'XJJXKKV','2','Blue','Medium',73.501999999999995337,'2022-10-31 14:36:51',4);
INSERT INTO products VALUES(989,64924,'letbugafeel','848572329075',5.0,'1KK02VV','1','Grey','Medium',2.5569999999999999396,'2022-10-31 14:36:51',2);
INSERT INTO products VALUES(990,47202,'bugaco','505969627106',89.0,'1KS19KS','2','Blue','Small',62.826000000000000512,'2022-10-31 14:36:51',3);
INSERT INTO products VALUES(991,42292,'fechpububo','802211786887',10.0,'00009VV','3','Green','Large',54.454000000000000623,'2022-10-31 14:36:51',3);
INSERT INTO products VALUES(992,80881,'busecenchme','655222751890',45.0,'992X21S','3','Grey','Small',92.194000000000002614,'2022-10-31 14:36:51',2);
INSERT INTO products VALUES(993,25211,'bocengaco','662984372502',39.0,'SS299J2','2','White','Small',87.879999999999995454,'2022-10-31 14:36:51',2);
INSERT INTO products VALUES(994,89036,'bucocencenfeel','813618278870',54.0,'23X3VV0','2','Grey','Large',47.515999999999998237,'2022-10-31 14:36:51',1);
INSERT INTO products VALUES(995,49670,'bugacenco','901179451661',88.0,'SS232V9','1','Green','Small',53.75800000000000267,'2022-10-31 14:36:51',4);
INSERT INTO products VALUES(996,45934,'censopucaca','517553272843',43.0,'3309X19','1','Green','Medium',86.606999999999999314,'2022-10-31 14:36:51',4);
INSERT INTO products VALUES(997,18995,'letgabu','696575504964',38.0,'XK9SX31','2','Black','Small',18.077000000000001733,'2022-10-31 14:36:51',3);
INSERT INTO products VALUES(998,6482,'letletbubo','262309384028',37.0,'KXX31S9','3','Brown','Small',73.971999999999994202,'2022-10-31 14:36:51',1);
INSERT INTO products VALUES(999,62164,'feelcosefeelbo','895501450165',85.0,'XJ2S32S','3','Yellow','Small',3.0790000000000001811,'2022-10-31 14:36:51',2);
INSERT INTO products VALUES(1000,72912,'socacofeelse','507130596769',96.0,'903SKXK','2','Red','Medium',40.780000000000001135,'2022-10-31 14:36:51',4);
DELETE FROM sqlite_sequence;
INSERT INTO sqlite_sequence VALUES('prices',5);
INSERT INTO sqlite_sequence VALUES('products',1000);
COMMIT;
